/Users/Sabrine/Desktop/darknet/darknet/img/gen_1000.jpg 45,366,210,449,0
/Users/Sabrine/Desktop/darknet/darknet/img/gen_0999.jpg 441,526,552,630,0
/Users/Sabrine/Desktop/darknet/darknet/img/gen_0998.jpg 442,318,583,502,0
/Users/Sabrine/Desktop/darknet/darknet/img/gen_0997.jpg 404,230,608,433,0
/Users/Sabrine/Desktop/darknet/darknet/img/gen_0996.jpg 498,643,590,759,0
/Users/Sabrine/Desktop/darknet/darknet/img/gen_0995.jpg 655,397,785,538,0
/Users/Sabrine/Desktop/darknet/darknet/img/gen_0994.jpg 34,106,119,202,0
/Users/Sabrine/Desktop/darknet/darknet/img/gen_0993.jpg 262,391,408,526,0
/Users/Sabrine/Desktop/darknet/darknet/img/gen_0992.jpg 148,47,315,223,0
/Users/Sabrine/Desktop/darknet/darknet/img/gen_0991.jpg 449,403,547,619,0
/Users/Sabrine/Desktop/darknet/darknet/img/gen_0990.jpg 113,499,318,710,0
/Users/Sabrine/Desktop/darknet/darknet/img/gen_0989.jpg 466,485,562,583,0
/Users/Sabrine/Desktop/darknet/darknet/img/gen_0988.jpg 467,42,590,120,0
/Users/Sabrine/Desktop/darknet/darknet/img/gen_0987.jpg 509,268,665,472,0
/Users/Sabrine/Desktop/darknet/darknet/img/gen_0986.jpg 298,256,338,362,0
/Users/Sabrine/Desktop/darknet/darknet/img/gen_0985.jpg 15,165,187,332,0
/Users/Sabrine/Desktop/darknet/darknet/img/gen_0984.jpg 191,139,429,234,0
/Users/Sabrine/Desktop/darknet/darknet/img/gen_0983.jpg 216,207,361,455,0
/Users/Sabrine/Desktop/darknet/darknet/img/gen_0982.jpg 25,391,82,453,0
/Users/Sabrine/Desktop/darknet/darknet/img/gen_0981.jpg 109,539,263,724,0
/Users/Sabrine/Desktop/darknet/darknet/img/gen_0980.jpg 321,530,568,771,0
/Users/Sabrine/Desktop/darknet/darknet/img/gen_0979.jpg 103,174,249,232,0
/Users/Sabrine/Desktop/darknet/darknet/img/gen_0978.jpg 526,691,571,768,0
/Users/Sabrine/Desktop/darknet/darknet/img/gen_0977.jpg 464,65,536,165,0
/Users/Sabrine/Desktop/darknet/darknet/img/gen_0976.jpg 472,428,532,597,0
/Users/Sabrine/Desktop/darknet/darknet/img/gen_0975.jpg 214,684,239,753,0
/Users/Sabrine/Desktop/darknet/darknet/img/gen_0974.jpg 515,279,712,475,0
/Users/Sabrine/Desktop/darknet/darknet/img/gen_0973.jpg 232,484,455,677,0
/Users/Sabrine/Desktop/darknet/darknet/img/gen_0972.jpg 388,631,549,789,0
/Users/Sabrine/Desktop/darknet/darknet/img/gen_0971.jpg 475,581,612,774,0
/Users/Sabrine/Desktop/darknet/darknet/img/gen_0970.jpg 79,57,247,258,0
/Users/Sabrine/Desktop/darknet/darknet/img/gen_0969.jpg 468,349,609,496,0
/Users/Sabrine/Desktop/darknet/darknet/img/gen_0968.jpg 227,181,342,290,0
/Users/Sabrine/Desktop/darknet/darknet/img/gen_0967.jpg 433,539,549,623,0
/Users/Sabrine/Desktop/darknet/darknet/img/gen_0966.jpg 347,284,528,388,0
/Users/Sabrine/Desktop/darknet/darknet/img/gen_0965.jpg 454,196,656,406,0
/Users/Sabrine/Desktop/darknet/darknet/img/gen_0964.jpg 591,111,684,312,0
/Users/Sabrine/Desktop/darknet/darknet/img/gen_0963.jpg 327,694,388,731,0
/Users/Sabrine/Desktop/darknet/darknet/img/gen_0962.jpg 600,67,789,257,0
/Users/Sabrine/Desktop/darknet/darknet/img/gen_0961.jpg 356,192,531,351,0
/Users/Sabrine/Desktop/darknet/darknet/img/gen_0960.jpg 399,337,630,517,0
/Users/Sabrine/Desktop/darknet/darknet/img/gen_0959.jpg 373,265,519,429,0
/Users/Sabrine/Desktop/darknet/darknet/img/gen_0958.jpg 129,595,293,745,0
/Users/Sabrine/Desktop/darknet/darknet/img/gen_0957.jpg 318,170,367,308,0
/Users/Sabrine/Desktop/darknet/darknet/img/gen_0956.jpg 372,400,585,606,0
/Users/Sabrine/Desktop/darknet/darknet/img/gen_0955.jpg 14,195,220,417,0
/Users/Sabrine/Desktop/darknet/darknet/img/gen_0954.jpg 576,457,690,578,0
/Users/Sabrine/Desktop/darknet/darknet/img/gen_0953.jpg 219,381,280,534,0
/Users/Sabrine/Desktop/darknet/darknet/img/gen_0952.jpg 147,465,220,525,0
/Users/Sabrine/Desktop/darknet/darknet/img/gen_0951.jpg 73,94,269,331,0
/Users/Sabrine/Desktop/darknet/darknet/img/gen_0950.jpg 427,69,620,245,0
/Users/Sabrine/Desktop/darknet/darknet/img/gen_0949.jpg 424,408,634,647,0
/Users/Sabrine/Desktop/darknet/darknet/img/gen_0948.jpg 232,528,294,584,0
/Users/Sabrine/Desktop/darknet/darknet/img/gen_0947.jpg 210,281,335,469,0
/Users/Sabrine/Desktop/darknet/darknet/img/gen_0946.jpg 222,261,303,348,0
/Users/Sabrine/Desktop/darknet/darknet/img/gen_0945.jpg 588,223,768,295,0
/Users/Sabrine/Desktop/darknet/darknet/img/gen_0944.jpg 87,426,167,538,0
/Users/Sabrine/Desktop/darknet/darknet/img/gen_0943.jpg 7,494,75,686,0
/Users/Sabrine/Desktop/darknet/darknet/img/gen_0942.jpg 167,298,408,480,0
/Users/Sabrine/Desktop/darknet/darknet/img/gen_0941.jpg 266,184,484,398,0
/Users/Sabrine/Desktop/darknet/darknet/img/gen_0940.jpg 266,29,449,122,0
/Users/Sabrine/Desktop/darknet/darknet/img/gen_0939.jpg 510,328,752,564,0
/Users/Sabrine/Desktop/darknet/darknet/img/gen_0938.jpg 374,19,533,83,0
/Users/Sabrine/Desktop/darknet/darknet/img/gen_0937.jpg 564,299,747,486,0
/Users/Sabrine/Desktop/darknet/darknet/img/gen_0936.jpg 97,126,321,348,0
/Users/Sabrine/Desktop/darknet/darknet/img/gen_0935.jpg 406,227,540,294,0
/Users/Sabrine/Desktop/darknet/darknet/img/gen_0934.jpg 246,52,353,145,0
/Users/Sabrine/Desktop/darknet/darknet/img/gen_0933.jpg 398,427,620,641,0
/Users/Sabrine/Desktop/darknet/darknet/img/gen_0932.jpg 272,536,452,743,0
/Users/Sabrine/Desktop/darknet/darknet/img/gen_0931.jpg 214,143,388,320,0
/Users/Sabrine/Desktop/darknet/darknet/img/gen_0930.jpg 79,7,173,80,0
/Users/Sabrine/Desktop/darknet/darknet/img/gen_0929.jpg 225,574,385,725,0
/Users/Sabrine/Desktop/darknet/darknet/img/gen_0928.jpg 390,478,544,615,0
/Users/Sabrine/Desktop/darknet/darknet/img/gen_0927.jpg 377,467,454,500,0
/Users/Sabrine/Desktop/darknet/darknet/img/gen_0926.jpg 32,152,197,296,0
/Users/Sabrine/Desktop/darknet/darknet/img/gen_0925.jpg 81,546,239,692,0
/Users/Sabrine/Desktop/darknet/darknet/img/gen_0924.jpg 148,602,249,736,0
/Users/Sabrine/Desktop/darknet/darknet/img/gen_0923.jpg 97,244,202,381,0
/Users/Sabrine/Desktop/darknet/darknet/img/gen_0922.jpg 20,444,103,519,0
/Users/Sabrine/Desktop/darknet/darknet/img/gen_0921.jpg 396,195,596,298,0
/Users/Sabrine/Desktop/darknet/darknet/img/gen_0920.jpg 297,393,509,585,0
/Users/Sabrine/Desktop/darknet/darknet/img/gen_0919.jpg 23,554,175,622,0
/Users/Sabrine/Desktop/darknet/darknet/img/gen_0918.jpg 382,352,629,583,0
/Users/Sabrine/Desktop/darknet/darknet/img/gen_0917.jpg 98,537,200,628,0
/Users/Sabrine/Desktop/darknet/darknet/img/gen_0916.jpg 408,141,546,334,0
/Users/Sabrine/Desktop/darknet/darknet/img/gen_0915.jpg 587,417,741,557,0
/Users/Sabrine/Desktop/darknet/darknet/img/gen_0914.jpg 543,723,604,771,0
/Users/Sabrine/Desktop/darknet/darknet/img/gen_0913.jpg 561,302,713,455,0
/Users/Sabrine/Desktop/darknet/darknet/img/gen_0912.jpg 500,224,749,314,0
/Users/Sabrine/Desktop/darknet/darknet/img/gen_0911.jpg 628,612,724,718,0
/Users/Sabrine/Desktop/darknet/darknet/img/gen_0910.jpg 472,284,680,486,0
/Users/Sabrine/Desktop/darknet/darknet/img/gen_0909.jpg 609,98,769,186,0
/Users/Sabrine/Desktop/darknet/darknet/img/gen_0908.jpg 534,545,782,787,0
/Users/Sabrine/Desktop/darknet/darknet/img/gen_0907.jpg 155,463,336,703,0
/Users/Sabrine/Desktop/darknet/darknet/img/gen_0906.jpg 176,147,371,347,0
/Users/Sabrine/Desktop/darknet/darknet/img/gen_0905.jpg 77,477,191,566,0
/Users/Sabrine/Desktop/darknet/darknet/img/gen_0904.jpg 599,341,697,472,0
/Users/Sabrine/Desktop/darknet/darknet/img/gen_0903.jpg 141,324,228,413,0
/Users/Sabrine/Desktop/darknet/darknet/img/gen_0902.jpg 454,597,615,744,0
/Users/Sabrine/Desktop/darknet/darknet/img/gen_0901.jpg 118,159,324,386,0
/Users/Sabrine/Desktop/darknet/darknet/img/gen_0900.jpg 126,388,329,619,0
/Users/Sabrine/Desktop/darknet/darknet/img/gen_0899.jpg 489,594,630,714,0
/Users/Sabrine/Desktop/darknet/darknet/img/gen_0898.jpg 15,644,140,698,0
/Users/Sabrine/Desktop/darknet/darknet/img/gen_0897.jpg 448,503,493,571,0
/Users/Sabrine/Desktop/darknet/darknet/img/gen_0896.jpg 609,11,660,137,0
/Users/Sabrine/Desktop/darknet/darknet/img/gen_0895.jpg 342,293,536,533,0
/Users/Sabrine/Desktop/darknet/darknet/img/gen_0894.jpg 481,488,646,641,0
/Users/Sabrine/Desktop/darknet/darknet/img/gen_0893.jpg 84,319,153,382,0
/Users/Sabrine/Desktop/darknet/darknet/img/gen_0892.jpg 528,193,758,441,0
/Users/Sabrine/Desktop/darknet/darknet/img/gen_0891.jpg 536,312,604,472,0
/Users/Sabrine/Desktop/darknet/darknet/img/gen_0890.jpg 122,279,179,342,0
/Users/Sabrine/Desktop/darknet/darknet/img/gen_0889.jpg 231,223,414,402,0
/Users/Sabrine/Desktop/darknet/darknet/img/gen_0888.jpg 235,379,308,453,0
/Users/Sabrine/Desktop/darknet/darknet/img/gen_0887.jpg 19,649,136,762,0
/Users/Sabrine/Desktop/darknet/darknet/img/gen_0886.jpg 189,374,242,453,0
/Users/Sabrine/Desktop/darknet/darknet/img/gen_0885.jpg 207,308,344,432,0
/Users/Sabrine/Desktop/darknet/darknet/img/gen_0884.jpg 618,525,798,615,0
/Users/Sabrine/Desktop/darknet/darknet/img/gen_0883.jpg 467,178,684,400,0
/Users/Sabrine/Desktop/darknet/darknet/img/gen_0882.jpg 203,261,267,293,0
/Users/Sabrine/Desktop/darknet/darknet/img/gen_0881.jpg 608,602,749,754,0
/Users/Sabrine/Desktop/darknet/darknet/img/gen_0880.jpg 386,461,455,485,0
/Users/Sabrine/Desktop/darknet/darknet/img/gen_0879.jpg 283,249,437,406,0
/Users/Sabrine/Desktop/darknet/darknet/img/gen_0878.jpg 195,661,254,728,0
/Users/Sabrine/Desktop/darknet/darknet/img/gen_0877.jpg 80,509,313,756,0
/Users/Sabrine/Desktop/darknet/darknet/img/gen_0876.jpg 350,554,553,706,0
/Users/Sabrine/Desktop/darknet/darknet/img/gen_0875.jpg 396,202,547,308,0
/Users/Sabrine/Desktop/darknet/darknet/img/gen_0874.jpg 517,162,687,353,0
/Users/Sabrine/Desktop/darknet/darknet/img/gen_0873.jpg 120,325,273,464,0
/Users/Sabrine/Desktop/darknet/darknet/img/gen_0872.jpg 554,19,757,246,0
/Users/Sabrine/Desktop/darknet/darknet/img/gen_0871.jpg 194,471,283,570,0
/Users/Sabrine/Desktop/darknet/darknet/img/gen_0870.jpg 318,198,390,272,0
/Users/Sabrine/Desktop/darknet/darknet/img/gen_0869.jpg 392,93,639,236,0
/Users/Sabrine/Desktop/darknet/darknet/img/gen_0868.jpg 286,615,379,704,0
/Users/Sabrine/Desktop/darknet/darknet/img/gen_0867.jpg 637,268,754,310,0
/Users/Sabrine/Desktop/darknet/darknet/img/gen_0866.jpg 614,254,682,372,0
/Users/Sabrine/Desktop/darknet/darknet/img/gen_0865.jpg 359,431,602,668,0
/Users/Sabrine/Desktop/darknet/darknet/img/gen_0864.jpg 169,432,263,536,0
/Users/Sabrine/Desktop/darknet/darknet/img/gen_0863.jpg 188,550,332,734,0
/Users/Sabrine/Desktop/darknet/darknet/img/gen_0862.jpg 398,517,477,716,0
/Users/Sabrine/Desktop/darknet/darknet/img/gen_0861.jpg 385,227,449,300,0
/Users/Sabrine/Desktop/darknet/darknet/img/gen_0860.jpg 52,306,199,440,0
/Users/Sabrine/Desktop/darknet/darknet/img/gen_0859.jpg 17,295,212,509,0
/Users/Sabrine/Desktop/darknet/darknet/img/gen_0858.jpg 252,471,472,598,0
/Users/Sabrine/Desktop/darknet/darknet/img/gen_0857.jpg 48,309,222,495,0
/Users/Sabrine/Desktop/darknet/darknet/img/gen_0856.jpg 135,431,356,675,0
/Users/Sabrine/Desktop/darknet/darknet/img/gen_0855.jpg 306,187,424,305,0
/Users/Sabrine/Desktop/darknet/darknet/img/gen_0854.jpg 471,46,528,106,0
/Users/Sabrine/Desktop/darknet/darknet/img/gen_0853.jpg 3,591,95,676,0
/Users/Sabrine/Desktop/darknet/darknet/img/gen_0852.jpg 341,582,547,796,0
/Users/Sabrine/Desktop/darknet/darknet/img/gen_0851.jpg 389,459,525,651,0
/Users/Sabrine/Desktop/darknet/darknet/img/gen_0850.jpg 34,145,83,216,0
/Users/Sabrine/Desktop/darknet/darknet/img/gen_0849.jpg 185,555,345,687,0
/Users/Sabrine/Desktop/darknet/darknet/img/gen_0848.jpg 336,622,369,694,0
/Users/Sabrine/Desktop/darknet/darknet/img/gen_0847.jpg 422,348,604,481,0
/Users/Sabrine/Desktop/darknet/darknet/img/gen_0846.jpg 248,498,424,719,0
/Users/Sabrine/Desktop/darknet/darknet/img/gen_0845.jpg 508,363,618,511,0
/Users/Sabrine/Desktop/darknet/darknet/img/gen_0844.jpg 608,385,703,421,0
/Users/Sabrine/Desktop/darknet/darknet/img/gen_0843.jpg 464,508,624,676,0
/Users/Sabrine/Desktop/darknet/darknet/img/gen_0842.jpg 615,24,744,76,0
/Users/Sabrine/Desktop/darknet/darknet/img/gen_0841.jpg 59,641,183,768,0
/Users/Sabrine/Desktop/darknet/darknet/img/gen_0840.jpg 177,569,330,677,0
/Users/Sabrine/Desktop/darknet/darknet/img/gen_0839.jpg 685,658,779,767,0
/Users/Sabrine/Desktop/darknet/darknet/img/gen_0838.jpg 100,232,299,442,0
/Users/Sabrine/Desktop/darknet/darknet/img/gen_0837.jpg 92,143,221,282,0
/Users/Sabrine/Desktop/darknet/darknet/img/gen_0836.jpg 584,119,652,167,0
/Users/Sabrine/Desktop/darknet/darknet/img/gen_0835.jpg 535,76,657,198,0
/Users/Sabrine/Desktop/darknet/darknet/img/gen_0834.jpg 348,342,421,411,0
/Users/Sabrine/Desktop/darknet/darknet/img/gen_0833.jpg 49,548,145,637,0
/Users/Sabrine/Desktop/darknet/darknet/img/gen_0832.jpg 485,451,547,513,0
/Users/Sabrine/Desktop/darknet/darknet/img/gen_0831.jpg 275,417,375,641,0
/Users/Sabrine/Desktop/darknet/darknet/img/gen_0830.jpg 103,2,311,159,0
/Users/Sabrine/Desktop/darknet/darknet/img/gen_0829.jpg 80,344,170,470,0
/Users/Sabrine/Desktop/darknet/darknet/img/gen_0828.jpg 373,395,445,491,0
/Users/Sabrine/Desktop/darknet/darknet/img/gen_0827.jpg 500,497,717,729,0
/Users/Sabrine/Desktop/darknet/darknet/img/gen_0826.jpg 525,241,689,425,0
/Users/Sabrine/Desktop/darknet/darknet/img/gen_0825.jpg 447,269,633,450,0
/Users/Sabrine/Desktop/darknet/darknet/img/gen_0824.jpg 546,483,789,700,0
/Users/Sabrine/Desktop/darknet/darknet/img/gen_0823.jpg 407,11,443,113,0
/Users/Sabrine/Desktop/darknet/darknet/img/gen_0822.jpg 451,544,675,760,0
/Users/Sabrine/Desktop/darknet/darknet/img/gen_0821.jpg 528,179,759,347,0
/Users/Sabrine/Desktop/darknet/darknet/img/gen_0820.jpg 7,513,185,602,0
/Users/Sabrine/Desktop/darknet/darknet/img/gen_0819.jpg 352,110,475,355,0
/Users/Sabrine/Desktop/darknet/darknet/img/gen_0818.jpg 549,357,644,442,0
/Users/Sabrine/Desktop/darknet/darknet/img/gen_0817.jpg 438,464,498,615,0
/Users/Sabrine/Desktop/darknet/darknet/img/gen_0816.jpg 377,628,465,713,0
/Users/Sabrine/Desktop/darknet/darknet/img/gen_0815.jpg 90,417,335,650,0
/Users/Sabrine/Desktop/darknet/darknet/img/gen_0814.jpg 225,95,342,218,0
/Users/Sabrine/Desktop/darknet/darknet/img/gen_0813.jpg 199,66,329,248,0
/Users/Sabrine/Desktop/darknet/darknet/img/gen_0812.jpg 397,41,551,238,0
/Users/Sabrine/Desktop/darknet/darknet/img/gen_0811.jpg 43,39,109,97,0
/Users/Sabrine/Desktop/darknet/darknet/img/gen_0810.jpg 530,248,636,379,0
/Users/Sabrine/Desktop/darknet/darknet/img/gen_0809.jpg 318,302,422,433,0
/Users/Sabrine/Desktop/darknet/darknet/img/gen_0808.jpg 427,712,489,785,0
/Users/Sabrine/Desktop/darknet/darknet/img/gen_0807.jpg 503,354,635,485,0
/Users/Sabrine/Desktop/darknet/darknet/img/gen_0806.jpg 360,470,476,635,0
/Users/Sabrine/Desktop/darknet/darknet/img/gen_0805.jpg 53,372,290,456,0
/Users/Sabrine/Desktop/darknet/darknet/img/gen_0804.jpg 111,283,258,454,0
/Users/Sabrine/Desktop/darknet/darknet/img/gen_0803.jpg 551,520,685,721,0
/Users/Sabrine/Desktop/darknet/darknet/img/gen_0802.jpg 111,702,163,765,0
/Users/Sabrine/Desktop/darknet/darknet/img/gen_0801.jpg 258,521,313,651,0
/Users/Sabrine/Desktop/darknet/darknet/img/gen_0800.jpg 72,578,180,788,0
/Users/Sabrine/Desktop/darknet/darknet/img/gen_0799.jpg 58,536,285,618,0
/Users/Sabrine/Desktop/darknet/darknet/img/gen_0798.jpg 459,623,583,746,0
/Users/Sabrine/Desktop/darknet/darknet/img/gen_0797.jpg 258,374,451,565,0
/Users/Sabrine/Desktop/darknet/darknet/img/gen_0796.jpg 417,523,590,713,0
/Users/Sabrine/Desktop/darknet/darknet/img/gen_0795.jpg 384,506,524,678,0
/Users/Sabrine/Desktop/darknet/darknet/img/gen_0794.jpg 498,21,639,181,0
/Users/Sabrine/Desktop/darknet/darknet/img/gen_0793.jpg 549,285,723,508,0
/Users/Sabrine/Desktop/darknet/darknet/img/gen_0792.jpg 61,453,229,615,0
/Users/Sabrine/Desktop/darknet/darknet/img/gen_0791.jpg 148,223,287,378,0
/Users/Sabrine/Desktop/darknet/darknet/img/gen_0790.jpg 305,725,370,783,0
/Users/Sabrine/Desktop/darknet/darknet/img/gen_0789.jpg 329,543,494,771,0
/Users/Sabrine/Desktop/darknet/darknet/img/gen_0788.jpg 443,234,545,337,0
/Users/Sabrine/Desktop/darknet/darknet/img/gen_0787.jpg 136,32,383,274,0
/Users/Sabrine/Desktop/darknet/darknet/img/gen_0786.jpg 269,506,332,534,0
/Users/Sabrine/Desktop/darknet/darknet/img/gen_0785.jpg 251,231,439,315,0
/Users/Sabrine/Desktop/darknet/darknet/img/gen_0784.jpg 384,173,574,339,0
/Users/Sabrine/Desktop/darknet/darknet/img/gen_0783.jpg 206,412,317,566,0
/Users/Sabrine/Desktop/darknet/darknet/img/gen_0782.jpg 555,171,781,401,0
/Users/Sabrine/Desktop/darknet/darknet/img/gen_0781.jpg 405,556,639,770,0
/Users/Sabrine/Desktop/darknet/darknet/img/gen_0780.jpg 297,41,500,201,0
/Users/Sabrine/Desktop/darknet/darknet/img/gen_0779.jpg 642,660,707,745,0
/Users/Sabrine/Desktop/darknet/darknet/img/gen_0778.jpg 529,733,590,781,0
/Users/Sabrine/Desktop/darknet/darknet/img/gen_0777.jpg 251,41,291,154,0
/Users/Sabrine/Desktop/darknet/darknet/img/gen_0776.jpg 625,432,767,588,0
/Users/Sabrine/Desktop/darknet/darknet/img/gen_0775.jpg 389,542,440,612,0
/Users/Sabrine/Desktop/darknet/darknet/img/gen_0774.jpg 104,511,165,682,0
/Users/Sabrine/Desktop/darknet/darknet/img/gen_0773.jpg 345,539,590,680,0
/Users/Sabrine/Desktop/darknet/darknet/img/gen_0772.jpg 663,649,725,747,0
/Users/Sabrine/Desktop/darknet/darknet/img/gen_0771.jpg 405,110,646,298,0
/Users/Sabrine/Desktop/darknet/darknet/img/gen_0770.jpg 472,132,691,345,0
/Users/Sabrine/Desktop/darknet/darknet/img/gen_0769.jpg 88,528,146,610,0
/Users/Sabrine/Desktop/darknet/darknet/img/gen_0768.jpg 158,595,344,677,0
/Users/Sabrine/Desktop/darknet/darknet/img/gen_0767.jpg 436,352,586,419,0
/Users/Sabrine/Desktop/darknet/darknet/img/gen_0766.jpg 219,403,293,475,0
/Users/Sabrine/Desktop/darknet/darknet/img/gen_0765.jpg 58,218,116,382,0
/Users/Sabrine/Desktop/darknet/darknet/img/gen_0764.jpg 550,405,646,571,0
/Users/Sabrine/Desktop/darknet/darknet/img/gen_0763.jpg 195,306,419,400,0
/Users/Sabrine/Desktop/darknet/darknet/img/gen_0762.jpg 129,272,269,424,0
/Users/Sabrine/Desktop/darknet/darknet/img/gen_0761.jpg 284,578,373,647,0
/Users/Sabrine/Desktop/darknet/darknet/img/gen_0760.jpg 93,77,216,158,0
/Users/Sabrine/Desktop/darknet/darknet/img/gen_0759.jpg 678,213,782,295,0
/Users/Sabrine/Desktop/darknet/darknet/img/gen_0758.jpg 165,395,340,579,0
/Users/Sabrine/Desktop/darknet/darknet/img/gen_0757.jpg 238,548,395,758,0
/Users/Sabrine/Desktop/darknet/darknet/img/gen_0756.jpg 104,30,229,86,0
/Users/Sabrine/Desktop/darknet/darknet/img/gen_0755.jpg 54,265,167,416,0
/Users/Sabrine/Desktop/darknet/darknet/img/gen_0754.jpg 416,604,458,681,0
/Users/Sabrine/Desktop/darknet/darknet/img/gen_0753.jpg 490,116,699,211,0
/Users/Sabrine/Desktop/darknet/darknet/img/gen_0752.jpg 411,7,434,72,0
/Users/Sabrine/Desktop/darknet/darknet/img/gen_0751.jpg 335,63,427,246,0
/Users/Sabrine/Desktop/darknet/darknet/img/gen_0750.jpg 102,97,200,176,0
/Users/Sabrine/Desktop/darknet/darknet/img/gen_0749.jpg 284,61,463,115,0
/Users/Sabrine/Desktop/darknet/darknet/img/gen_0748.jpg 422,239,614,410,0
/Users/Sabrine/Desktop/darknet/darknet/img/gen_0747.jpg 461,291,592,375,0
/Users/Sabrine/Desktop/darknet/darknet/img/gen_0746.jpg 105,131,172,198,0
/Users/Sabrine/Desktop/darknet/darknet/img/gen_0745.jpg 258,421,435,497,0
/Users/Sabrine/Desktop/darknet/darknet/img/gen_0744.jpg 332,13,505,258,0
/Users/Sabrine/Desktop/darknet/darknet/img/gen_0743.jpg 166,559,275,757,0
/Users/Sabrine/Desktop/darknet/darknet/img/gen_0742.jpg 357,578,493,646,0
/Users/Sabrine/Desktop/darknet/darknet/img/gen_0741.jpg 419,502,542,705,0
/Users/Sabrine/Desktop/darknet/darknet/img/gen_0740.jpg 270,188,403,313,0
/Users/Sabrine/Desktop/darknet/darknet/img/gen_0739.jpg 153,391,375,587,0
/Users/Sabrine/Desktop/darknet/darknet/img/gen_0738.jpg 241,305,352,474,0
/Users/Sabrine/Desktop/darknet/darknet/img/gen_0737.jpg 388,538,540,709,0
/Users/Sabrine/Desktop/darknet/darknet/img/gen_0736.jpg 400,327,481,397,0
/Users/Sabrine/Desktop/darknet/darknet/img/gen_0735.jpg 369,217,447,399,0
/Users/Sabrine/Desktop/darknet/darknet/img/gen_0734.jpg 291,329,401,470,0
/Users/Sabrine/Desktop/darknet/darknet/img/gen_0733.jpg 107,168,337,400,0
/Users/Sabrine/Desktop/darknet/darknet/img/gen_0732.jpg 444,138,512,301,0
/Users/Sabrine/Desktop/darknet/darknet/img/gen_0731.jpg 690,15,795,92,0
/Users/Sabrine/Desktop/darknet/darknet/img/gen_0730.jpg 444,374,520,407,0
/Users/Sabrine/Desktop/darknet/darknet/img/gen_0729.jpg 500,430,563,494,0
/Users/Sabrine/Desktop/darknet/darknet/img/gen_0728.jpg 255,468,444,662,0
/Users/Sabrine/Desktop/darknet/darknet/img/gen_0727.jpg 667,140,732,166,0
/Users/Sabrine/Desktop/darknet/darknet/img/gen_0726.jpg 303,46,406,223,0
/Users/Sabrine/Desktop/darknet/darknet/img/gen_0725.jpg 718,532,782,578,0
/Users/Sabrine/Desktop/darknet/darknet/img/gen_0724.jpg 457,470,645,646,0
/Users/Sabrine/Desktop/darknet/darknet/img/gen_0723.jpg 315,352,484,510,0
/Users/Sabrine/Desktop/darknet/darknet/img/gen_0722.jpg 310,306,485,537,0
/Users/Sabrine/Desktop/darknet/darknet/img/gen_0721.jpg 44,187,141,282,0
/Users/Sabrine/Desktop/darknet/darknet/img/gen_0720.jpg 506,605,641,673,0
/Users/Sabrine/Desktop/darknet/darknet/img/gen_0719.jpg 252,133,411,204,0
/Users/Sabrine/Desktop/darknet/darknet/img/gen_0718.jpg 272,379,357,615,0
/Users/Sabrine/Desktop/darknet/darknet/img/gen_0717.jpg 136,280,298,467,0
/Users/Sabrine/Desktop/darknet/darknet/img/gen_0716.jpg 427,410,637,588,0
/Users/Sabrine/Desktop/darknet/darknet/img/gen_0715.jpg 425,100,612,304,0
/Users/Sabrine/Desktop/darknet/darknet/img/gen_0714.jpg 152,56,212,126,0
/Users/Sabrine/Desktop/darknet/darknet/img/gen_0713.jpg 58,350,117,436,0
/Users/Sabrine/Desktop/darknet/darknet/img/gen_0712.jpg 521,198,702,416,0
/Users/Sabrine/Desktop/darknet/darknet/img/gen_0711.jpg 511,153,650,310,0
/Users/Sabrine/Desktop/darknet/darknet/img/gen_0710.jpg 431,262,491,403,0
/Users/Sabrine/Desktop/darknet/darknet/img/gen_0709.jpg 390,248,558,379,0
/Users/Sabrine/Desktop/darknet/darknet/img/gen_0708.jpg 217,100,409,158,0
/Users/Sabrine/Desktop/darknet/darknet/img/gen_0707.jpg 199,324,432,417,0
/Users/Sabrine/Desktop/darknet/darknet/img/gen_0706.jpg 686,344,764,375,0
/Users/Sabrine/Desktop/darknet/darknet/img/gen_0705.jpg 77,230,280,453,0
/Users/Sabrine/Desktop/darknet/darknet/img/gen_0704.jpg 551,372,660,489,0
/Users/Sabrine/Desktop/darknet/darknet/img/gen_0703.jpg 349,512,539,662,0
/Users/Sabrine/Desktop/darknet/darknet/img/gen_0702.jpg 609,346,671,452,0
/Users/Sabrine/Desktop/darknet/darknet/img/gen_0701.jpg 121,93,194,158,0
/Users/Sabrine/Desktop/darknet/darknet/img/gen_0700.jpg 182,102,329,195,0
/Users/Sabrine/Desktop/darknet/darknet/img/gen_0699.jpg 344,387,516,554,0
/Users/Sabrine/Desktop/darknet/darknet/img/gen_0698.jpg 211,507,440,748,0
/Users/Sabrine/Desktop/darknet/darknet/img/gen_0697.jpg 142,181,310,350,0
/Users/Sabrine/Desktop/darknet/darknet/img/gen_0696.jpg 390,191,475,221,0
/Users/Sabrine/Desktop/darknet/darknet/img/gen_0695.jpg 85,561,195,662,0
/Users/Sabrine/Desktop/darknet/darknet/img/gen_0694.jpg 219,555,351,672,0
/Users/Sabrine/Desktop/darknet/darknet/img/gen_0693.jpg 143,231,208,277,0
/Users/Sabrine/Desktop/darknet/darknet/img/gen_0692.jpg 468,496,640,667,0
/Users/Sabrine/Desktop/darknet/darknet/img/gen_0691.jpg 275,374,345,419,0
/Users/Sabrine/Desktop/darknet/darknet/img/gen_0690.jpg 52,346,241,523,0
/Users/Sabrine/Desktop/darknet/darknet/img/gen_0689.jpg 441,466,550,632,0
/Users/Sabrine/Desktop/darknet/darknet/img/gen_0688.jpg 310,328,448,484,0
/Users/Sabrine/Desktop/darknet/darknet/img/gen_0687.jpg 166,292,368,522,0
/Users/Sabrine/Desktop/darknet/darknet/img/gen_0686.jpg 213,286,304,352,0
/Users/Sabrine/Desktop/darknet/darknet/img/gen_0685.jpg 330,155,479,283,0
/Users/Sabrine/Desktop/darknet/darknet/img/gen_0684.jpg 613,535,751,669,0
/Users/Sabrine/Desktop/darknet/darknet/img/gen_0683.jpg 488,48,714,273,0
/Users/Sabrine/Desktop/darknet/darknet/img/gen_0682.jpg 404,30,530,248,0
/Users/Sabrine/Desktop/darknet/darknet/img/gen_0681.jpg 47,604,135,755,0
/Users/Sabrine/Desktop/darknet/darknet/img/gen_0680.jpg 355,341,437,372,0
/Users/Sabrine/Desktop/darknet/darknet/img/gen_0679.jpg 532,333,702,384,0
/Users/Sabrine/Desktop/darknet/darknet/img/gen_0678.jpg 377,440,582,688,0
/Users/Sabrine/Desktop/darknet/darknet/img/gen_0677.jpg 511,279,754,506,0
/Users/Sabrine/Desktop/darknet/darknet/img/gen_0676.jpg 549,164,697,223,0
/Users/Sabrine/Desktop/darknet/darknet/img/gen_0675.jpg 355,288,463,396,0
/Users/Sabrine/Desktop/darknet/darknet/img/gen_0674.jpg 440,613,525,730,0
/Users/Sabrine/Desktop/darknet/darknet/img/gen_0673.jpg 290,564,519,726,0
/Users/Sabrine/Desktop/darknet/darknet/img/gen_0672.jpg 372,77,487,207,0
/Users/Sabrine/Desktop/darknet/darknet/img/gen_0671.jpg 402,22,501,62,0
/Users/Sabrine/Desktop/darknet/darknet/img/gen_0670.jpg 321,433,537,635,0
/Users/Sabrine/Desktop/darknet/darknet/img/gen_0669.jpg 296,553,534,712,0
/Users/Sabrine/Desktop/darknet/darknet/img/gen_0668.jpg 427,131,582,359,0
/Users/Sabrine/Desktop/darknet/darknet/img/gen_0667.jpg 551,8,727,141,0
/Users/Sabrine/Desktop/darknet/darknet/img/gen_0666.jpg 493,632,592,723,0
/Users/Sabrine/Desktop/darknet/darknet/img/gen_0665.jpg 432,504,527,739,0
/Users/Sabrine/Desktop/darknet/darknet/img/gen_0664.jpg 246,148,338,276,0
/Users/Sabrine/Desktop/darknet/darknet/img/gen_0663.jpg 105,59,164,138,0
/Users/Sabrine/Desktop/darknet/darknet/img/gen_0662.jpg 559,196,593,292,0
/Users/Sabrine/Desktop/darknet/darknet/img/gen_0661.jpg 476,97,701,177,0
/Users/Sabrine/Desktop/darknet/darknet/img/gen_0660.jpg 394,211,506,368,0
/Users/Sabrine/Desktop/darknet/darknet/img/gen_0659.jpg 174,369,334,589,0
/Users/Sabrine/Desktop/darknet/darknet/img/gen_0658.jpg 84,324,241,497,0
/Users/Sabrine/Desktop/darknet/darknet/img/gen_0657.jpg 525,23,660,163,0
/Users/Sabrine/Desktop/darknet/darknet/img/gen_0656.jpg 278,140,467,330,0
/Users/Sabrine/Desktop/darknet/darknet/img/gen_0655.jpg 23,543,164,668,0
/Users/Sabrine/Desktop/darknet/darknet/img/gen_0654.jpg 431,456,548,628,0
/Users/Sabrine/Desktop/darknet/darknet/img/gen_0653.jpg 614,645,718,791,0
/Users/Sabrine/Desktop/darknet/darknet/img/gen_0652.jpg 259,490,423,709,0
/Users/Sabrine/Desktop/darknet/darknet/img/gen_0651.jpg 45,383,107,471,0
/Users/Sabrine/Desktop/darknet/darknet/img/gen_0650.jpg 209,403,323,564,0
/Users/Sabrine/Desktop/darknet/darknet/img/gen_0649.jpg 689,593,766,632,0
/Users/Sabrine/Desktop/darknet/darknet/img/gen_0648.jpg 340,517,531,696,0
/Users/Sabrine/Desktop/darknet/darknet/img/gen_0647.jpg 229,693,304,779,0
/Users/Sabrine/Desktop/darknet/darknet/img/gen_0646.jpg 338,184,384,315,0
/Users/Sabrine/Desktop/darknet/darknet/img/gen_0645.jpg 259,166,467,399,0
/Users/Sabrine/Desktop/darknet/darknet/img/gen_0644.jpg 325,673,427,775,0
/Users/Sabrine/Desktop/darknet/darknet/img/gen_0643.jpg 365,291,583,384,0
/Users/Sabrine/Desktop/darknet/darknet/img/gen_0642.jpg 183,582,277,651,0
/Users/Sabrine/Desktop/darknet/darknet/img/gen_0641.jpg 677,630,736,693,0
/Users/Sabrine/Desktop/darknet/darknet/img/gen_0640.jpg 85,628,171,707,0
/Users/Sabrine/Desktop/darknet/darknet/img/gen_0639.jpg 361,440,542,595,0
/Users/Sabrine/Desktop/darknet/darknet/img/gen_0638.jpg 291,425,405,491,0
/Users/Sabrine/Desktop/darknet/darknet/img/gen_0637.jpg 327,427,477,593,0
/Users/Sabrine/Desktop/darknet/darknet/img/gen_0636.jpg 118,424,320,505,0
/Users/Sabrine/Desktop/darknet/darknet/img/gen_0635.jpg 178,71,239,137,0
/Users/Sabrine/Desktop/darknet/darknet/img/gen_0634.jpg 115,464,198,543,0
/Users/Sabrine/Desktop/darknet/darknet/img/gen_0633.jpg 64,110,285,324,0
/Users/Sabrine/Desktop/darknet/darknet/img/gen_0632.jpg 584,29,672,222,0
/Users/Sabrine/Desktop/darknet/darknet/img/gen_0631.jpg 349,602,428,791,0
/Users/Sabrine/Desktop/darknet/darknet/img/gen_0630.jpg 230,417,388,617,0
/Users/Sabrine/Desktop/darknet/darknet/img/gen_0629.jpg 300,565,373,668,0
/Users/Sabrine/Desktop/darknet/darknet/img/gen_0628.jpg 25,273,242,512,0
/Users/Sabrine/Desktop/darknet/darknet/img/gen_0627.jpg 255,495,318,554,0
/Users/Sabrine/Desktop/darknet/darknet/img/gen_0626.jpg 47,345,187,415,0
/Users/Sabrine/Desktop/darknet/darknet/img/gen_0625.jpg 68,328,112,453,0
/Users/Sabrine/Desktop/darknet/darknet/img/gen_0624.jpg 396,642,477,709,0
/Users/Sabrine/Desktop/darknet/darknet/img/gen_0623.jpg 399,85,559,254,0
/Users/Sabrine/Desktop/darknet/darknet/img/gen_0622.jpg 484,268,644,389,0
/Users/Sabrine/Desktop/darknet/darknet/img/gen_0621.jpg 63,148,140,211,0
/Users/Sabrine/Desktop/darknet/darknet/img/gen_0620.jpg 144,517,272,766,0
/Users/Sabrine/Desktop/darknet/darknet/img/gen_0619.jpg 71,492,294,686,0
/Users/Sabrine/Desktop/darknet/darknet/img/gen_0618.jpg 55,436,187,561,0
/Users/Sabrine/Desktop/darknet/darknet/img/gen_0617.jpg 613,266,680,339,0
/Users/Sabrine/Desktop/darknet/darknet/img/gen_0616.jpg 77,159,288,281,0
/Users/Sabrine/Desktop/darknet/darknet/img/gen_0615.jpg 463,612,596,781,0
/Users/Sabrine/Desktop/darknet/darknet/img/gen_0614.jpg 132,219,195,283,0
/Users/Sabrine/Desktop/darknet/darknet/img/gen_0613.jpg 252,93,358,340,0
/Users/Sabrine/Desktop/darknet/darknet/img/gen_0612.jpg 189,317,424,546,0
/Users/Sabrine/Desktop/darknet/darknet/img/gen_0611.jpg 530,511,594,639,0
/Users/Sabrine/Desktop/darknet/darknet/img/gen_0610.jpg 18,469,168,583,0
/Users/Sabrine/Desktop/darknet/darknet/img/gen_0609.jpg 221,126,456,350,0
/Users/Sabrine/Desktop/darknet/darknet/img/gen_0608.jpg 267,24,365,140,0
/Users/Sabrine/Desktop/darknet/darknet/img/gen_0607.jpg 104,524,192,722,0
/Users/Sabrine/Desktop/darknet/darknet/img/gen_0606.jpg 111,63,231,191,0
/Users/Sabrine/Desktop/darknet/darknet/img/gen_0605.jpg 75,286,265,440,0
/Users/Sabrine/Desktop/darknet/darknet/img/gen_0604.jpg 144,104,294,187,0
/Users/Sabrine/Desktop/darknet/darknet/img/gen_0603.jpg 511,303,737,530,0
/Users/Sabrine/Desktop/darknet/darknet/img/gen_0602.jpg 619,493,747,604,0
/Users/Sabrine/Desktop/darknet/darknet/img/gen_0601.jpg 604,340,694,404,0
/Users/Sabrine/Desktop/darknet/darknet/img/gen_0600.jpg 80,54,299,148,0
/Users/Sabrine/Desktop/darknet/darknet/img/gen_0599.jpg 542,137,709,372,0
/Users/Sabrine/Desktop/darknet/darknet/img/gen_0598.jpg 338,464,489,600,0
/Users/Sabrine/Desktop/darknet/darknet/img/gen_0597.jpg 172,14,380,203,0
/Users/Sabrine/Desktop/darknet/darknet/img/gen_0596.jpg 430,468,536,516,0
/Users/Sabrine/Desktop/darknet/darknet/img/gen_0595.jpg 673,562,748,629,0
/Users/Sabrine/Desktop/darknet/darknet/img/gen_0594.jpg 545,482,762,679,0
/Users/Sabrine/Desktop/darknet/darknet/img/gen_0593.jpg 323,140,496,262,0
/Users/Sabrine/Desktop/darknet/darknet/img/gen_0592.jpg 637,350,731,463,0
/Users/Sabrine/Desktop/darknet/darknet/img/gen_0591.jpg 470,200,540,262,0
/Users/Sabrine/Desktop/darknet/darknet/img/gen_0590.jpg 535,382,682,448,0
/Users/Sabrine/Desktop/darknet/darknet/img/gen_0589.jpg 350,47,419,145,0
/Users/Sabrine/Desktop/darknet/darknet/img/gen_0588.jpg 152,569,301,734,0
/Users/Sabrine/Desktop/darknet/darknet/img/gen_0587.jpg 580,355,656,429,0
/Users/Sabrine/Desktop/darknet/darknet/img/gen_0586.jpg 531,4,613,89,0
/Users/Sabrine/Desktop/darknet/darknet/img/gen_0585.jpg 513,196,610,388,0
/Users/Sabrine/Desktop/darknet/darknet/img/gen_0584.jpg 266,508,450,706,0
/Users/Sabrine/Desktop/darknet/darknet/img/gen_0583.jpg 251,313,382,426,0
/Users/Sabrine/Desktop/darknet/darknet/img/gen_0582.jpg 9,202,84,264,0
/Users/Sabrine/Desktop/darknet/darknet/img/gen_0581.jpg 487,146,710,349,0
/Users/Sabrine/Desktop/darknet/darknet/img/gen_0580.jpg 216,690,311,777,0
/Users/Sabrine/Desktop/darknet/darknet/img/gen_0579.jpg 524,367,688,551,0
/Users/Sabrine/Desktop/darknet/darknet/img/gen_0578.jpg 149,119,271,163,0
/Users/Sabrine/Desktop/darknet/darknet/img/gen_0577.jpg 527,498,685,738,0
/Users/Sabrine/Desktop/darknet/darknet/img/gen_0576.jpg 116,311,302,482,0
/Users/Sabrine/Desktop/darknet/darknet/img/gen_0575.jpg 505,177,549,243,0
/Users/Sabrine/Desktop/darknet/darknet/img/gen_0574.jpg 42,574,126,687,0
/Users/Sabrine/Desktop/darknet/darknet/img/gen_0573.jpg 121,607,177,668,0
/Users/Sabrine/Desktop/darknet/darknet/img/gen_0572.jpg 318,184,454,334,0
/Users/Sabrine/Desktop/darknet/darknet/img/gen_0571.jpg 509,530,725,762,0
/Users/Sabrine/Desktop/darknet/darknet/img/gen_0570.jpg 231,248,280,365,0
/Users/Sabrine/Desktop/darknet/darknet/img/gen_0569.jpg 271,77,408,171,0
/Users/Sabrine/Desktop/darknet/darknet/img/gen_0568.jpg 648,146,728,226,0
/Users/Sabrine/Desktop/darknet/darknet/img/gen_0567.jpg 117,259,293,428,0
/Users/Sabrine/Desktop/darknet/darknet/img/gen_0566.jpg 616,701,708,747,0
/Users/Sabrine/Desktop/darknet/darknet/img/gen_0565.jpg 38,146,109,237,0
/Users/Sabrine/Desktop/darknet/darknet/img/gen_0564.jpg 316,186,427,355,0
/Users/Sabrine/Desktop/darknet/darknet/img/gen_0563.jpg 350,304,388,373,0
/Users/Sabrine/Desktop/darknet/darknet/img/gen_0562.jpg 496,183,580,422,0
/Users/Sabrine/Desktop/darknet/darknet/img/gen_0561.jpg 22,151,182,377,0
/Users/Sabrine/Desktop/darknet/darknet/img/gen_0560.jpg 556,353,656,442,0
/Users/Sabrine/Desktop/darknet/darknet/img/gen_0559.jpg 511,552,747,771,0
/Users/Sabrine/Desktop/darknet/darknet/img/gen_0558.jpg 412,111,523,159,0
/Users/Sabrine/Desktop/darknet/darknet/img/gen_0557.jpg 291,573,427,700,0
/Users/Sabrine/Desktop/darknet/darknet/img/gen_0556.jpg 587,482,784,630,0
/Users/Sabrine/Desktop/darknet/darknet/img/gen_0555.jpg 519,429,582,530,0
/Users/Sabrine/Desktop/darknet/darknet/img/gen_0554.jpg 364,503,424,651,0
/Users/Sabrine/Desktop/darknet/darknet/img/gen_0553.jpg 264,491,489,621,0
/Users/Sabrine/Desktop/darknet/darknet/img/gen_0552.jpg 529,49,646,155,0
/Users/Sabrine/Desktop/darknet/darknet/img/gen_0551.jpg 99,567,235,685,0
/Users/Sabrine/Desktop/darknet/darknet/img/gen_0550.jpg 294,134,454,334,0
/Users/Sabrine/Desktop/darknet/darknet/img/gen_0549.jpg 587,59,722,220,0
/Users/Sabrine/Desktop/darknet/darknet/img/gen_0548.jpg 179,573,327,778,0
/Users/Sabrine/Desktop/darknet/darknet/img/gen_0547.jpg 638,1,787,157,0
/Users/Sabrine/Desktop/darknet/darknet/img/gen_0546.jpg 323,456,524,557,0
/Users/Sabrine/Desktop/darknet/darknet/img/gen_0545.jpg 223,464,386,621,0
/Users/Sabrine/Desktop/darknet/darknet/img/gen_0544.jpg 141,300,206,360,0
/Users/Sabrine/Desktop/darknet/darknet/img/gen_0543.jpg 336,551,574,730,0
/Users/Sabrine/Desktop/darknet/darknet/img/gen_0542.jpg 475,100,686,287,0
/Users/Sabrine/Desktop/darknet/darknet/img/gen_0541.jpg 364,414,479,664,0
/Users/Sabrine/Desktop/darknet/darknet/img/gen_0540.jpg 6,506,59,567,0
/Users/Sabrine/Desktop/darknet/darknet/img/gen_0539.jpg 235,83,437,211,0
/Users/Sabrine/Desktop/darknet/darknet/img/gen_0538.jpg 287,266,500,330,0
/Users/Sabrine/Desktop/darknet/darknet/img/gen_0537.jpg 253,80,387,206,0
/Users/Sabrine/Desktop/darknet/darknet/img/gen_0536.jpg 571,533,610,630,0
/Users/Sabrine/Desktop/darknet/darknet/img/gen_0535.jpg 202,454,384,696,0
/Users/Sabrine/Desktop/darknet/darknet/img/gen_0534.jpg 225,133,388,341,0
/Users/Sabrine/Desktop/darknet/darknet/img/gen_0533.jpg 394,323,465,400,0
/Users/Sabrine/Desktop/darknet/darknet/img/gen_0532.jpg 55,411,246,497,0
/Users/Sabrine/Desktop/darknet/darknet/img/gen_0531.jpg 172,380,395,622,0
/Users/Sabrine/Desktop/darknet/darknet/img/gen_0530.jpg 336,272,562,413,0
/Users/Sabrine/Desktop/darknet/darknet/img/gen_0529.jpg 283,39,436,269,0
/Users/Sabrine/Desktop/darknet/darknet/img/gen_0528.jpg 94,183,189,286,0
/Users/Sabrine/Desktop/darknet/darknet/img/gen_0527.jpg 111,604,192,785,0
/Users/Sabrine/Desktop/darknet/darknet/img/gen_0526.jpg 446,661,533,740,0
/Users/Sabrine/Desktop/darknet/darknet/img/gen_0525.jpg 279,551,420,653,0
/Users/Sabrine/Desktop/darknet/darknet/img/gen_0524.jpg 438,67,487,174,0
/Users/Sabrine/Desktop/darknet/darknet/img/gen_0523.jpg 306,517,452,662,0
/Users/Sabrine/Desktop/darknet/darknet/img/gen_0522.jpg 414,214,603,402,0
/Users/Sabrine/Desktop/darknet/darknet/img/gen_0521.jpg 645,324,794,462,0
/Users/Sabrine/Desktop/darknet/darknet/img/gen_0520.jpg 460,362,539,461,0
/Users/Sabrine/Desktop/darknet/darknet/img/gen_0519.jpg 645,432,768,544,0
/Users/Sabrine/Desktop/darknet/darknet/img/gen_0518.jpg 496,356,595,442,0
/Users/Sabrine/Desktop/darknet/darknet/img/gen_0517.jpg 601,574,756,693,0
/Users/Sabrine/Desktop/darknet/darknet/img/gen_0516.jpg 40,141,183,296,0
/Users/Sabrine/Desktop/darknet/darknet/img/gen_0515.jpg 96,168,129,247,0
/Users/Sabrine/Desktop/darknet/darknet/img/gen_0514.jpg 136,167,335,384,0
/Users/Sabrine/Desktop/darknet/darknet/img/gen_0513.jpg 344,343,468,462,0
/Users/Sabrine/Desktop/darknet/darknet/img/gen_0512.jpg 18,235,232,437,0
/Users/Sabrine/Desktop/darknet/darknet/img/gen_0511.jpg 135,424,334,624,0
/Users/Sabrine/Desktop/darknet/darknet/img/gen_0510.jpg 211,342,334,518,0
/Users/Sabrine/Desktop/darknet/darknet/img/gen_0509.jpg 201,517,366,701,0
/Users/Sabrine/Desktop/darknet/darknet/img/gen_0508.jpg 440,438,479,522,0
/Users/Sabrine/Desktop/darknet/darknet/img/gen_0507.jpg 690,646,746,706,0
/Users/Sabrine/Desktop/darknet/darknet/img/gen_0506.jpg 67,371,216,503,0
/Users/Sabrine/Desktop/darknet/darknet/img/gen_0505.jpg 490,126,584,351,0
/Users/Sabrine/Desktop/darknet/darknet/img/gen_0504.jpg 36,266,140,364,0
/Users/Sabrine/Desktop/darknet/darknet/img/gen_0503.jpg 617,138,707,264,0
/Users/Sabrine/Desktop/darknet/darknet/img/gen_0502.jpg 195,611,324,670,0
/Users/Sabrine/Desktop/darknet/darknet/img/gen_0501.jpg 162,436,256,478,0
/Users/Sabrine/Desktop/darknet/darknet/img/gen_0500.jpg 474,394,660,559,0
/Users/Sabrine/Desktop/darknet/darknet/img/gen_0499.jpg 429,500,642,730,0
/Users/Sabrine/Desktop/darknet/darknet/img/gen_0498.jpg 267,706,347,759,0
/Users/Sabrine/Desktop/darknet/darknet/img/gen_0497.jpg 302,195,463,267,0
/Users/Sabrine/Desktop/darknet/darknet/img/gen_0496.jpg 91,489,196,542,0
/Users/Sabrine/Desktop/darknet/darknet/img/gen_0495.jpg 407,524,551,634,0
/Users/Sabrine/Desktop/darknet/darknet/img/gen_0494.jpg 230,462,424,660,0
/Users/Sabrine/Desktop/darknet/darknet/img/gen_0493.jpg 10,564,156,720,0
/Users/Sabrine/Desktop/darknet/darknet/img/gen_0492.jpg 182,143,358,283,0
/Users/Sabrine/Desktop/darknet/darknet/img/gen_0491.jpg 78,421,235,645,0
/Users/Sabrine/Desktop/darknet/darknet/img/gen_0490.jpg 142,579,222,738,0
/Users/Sabrine/Desktop/darknet/darknet/img/gen_0489.jpg 724,591,781,662,0
/Users/Sabrine/Desktop/darknet/darknet/img/gen_0488.jpg 233,301,401,458,0
/Users/Sabrine/Desktop/darknet/darknet/img/gen_0487.jpg 347,527,532,707,0
/Users/Sabrine/Desktop/darknet/darknet/img/gen_0486.jpg 148,73,276,198,0
/Users/Sabrine/Desktop/darknet/darknet/img/gen_0485.jpg 546,524,787,724,0
/Users/Sabrine/Desktop/darknet/darknet/img/gen_0484.jpg 161,480,397,647,0
/Users/Sabrine/Desktop/darknet/darknet/img/gen_0483.jpg 103,10,133,78,0
/Users/Sabrine/Desktop/darknet/darknet/img/gen_0482.jpg 280,102,440,282,0
/Users/Sabrine/Desktop/darknet/darknet/img/gen_0481.jpg 608,391,694,472,0
/Users/Sabrine/Desktop/darknet/darknet/img/gen_0480.jpg 49,209,119,282,0
/Users/Sabrine/Desktop/darknet/darknet/img/gen_0479.jpg 398,531,599,748,0
/Users/Sabrine/Desktop/darknet/darknet/img/gen_0478.jpg 114,197,231,282,0
/Users/Sabrine/Desktop/darknet/darknet/img/gen_0477.jpg 506,592,659,777,0
/Users/Sabrine/Desktop/darknet/darknet/img/gen_0476.jpg 654,333,787,453,0
/Users/Sabrine/Desktop/darknet/darknet/img/gen_0475.jpg 148,227,312,343,0
/Users/Sabrine/Desktop/darknet/darknet/img/gen_0474.jpg 32,23,213,155,0
/Users/Sabrine/Desktop/darknet/darknet/img/gen_0473.jpg 102,69,227,291,0
/Users/Sabrine/Desktop/darknet/darknet/img/gen_0472.jpg 170,360,251,419,0
/Users/Sabrine/Desktop/darknet/darknet/img/gen_0471.jpg 42,341,121,410,0
/Users/Sabrine/Desktop/darknet/darknet/img/gen_0470.jpg 133,461,211,538,0
/Users/Sabrine/Desktop/darknet/darknet/img/gen_0469.jpg 168,525,395,746,0
/Users/Sabrine/Desktop/darknet/darknet/img/gen_0468.jpg 242,157,481,383,0
/Users/Sabrine/Desktop/darknet/darknet/img/gen_0467.jpg 257,152,369,257,0
/Users/Sabrine/Desktop/darknet/darknet/img/gen_0466.jpg 442,182,558,256,0
/Users/Sabrine/Desktop/darknet/darknet/img/gen_0465.jpg 209,328,440,572,0
/Users/Sabrine/Desktop/darknet/darknet/img/gen_0464.jpg 206,405,263,503,0
/Users/Sabrine/Desktop/darknet/darknet/img/gen_0463.jpg 164,100,297,328,0
/Users/Sabrine/Desktop/darknet/darknet/img/gen_0462.jpg 150,494,352,709,0
/Users/Sabrine/Desktop/darknet/darknet/img/gen_0461.jpg 506,136,736,351,0
/Users/Sabrine/Desktop/darknet/darknet/img/gen_0460.jpg 129,369,357,601,0
/Users/Sabrine/Desktop/darknet/darknet/img/gen_0459.jpg 161,391,329,623,0
/Users/Sabrine/Desktop/darknet/darknet/img/gen_0458.jpg 44,54,264,283,0
/Users/Sabrine/Desktop/darknet/darknet/img/gen_0457.jpg 168,466,413,645,0
/Users/Sabrine/Desktop/darknet/darknet/img/gen_0456.jpg 27,562,158,692,0
/Users/Sabrine/Desktop/darknet/darknet/img/gen_0455.jpg 53,85,223,226,0
/Users/Sabrine/Desktop/darknet/darknet/img/gen_0454.jpg 97,480,301,706,0
/Users/Sabrine/Desktop/darknet/darknet/img/gen_0453.jpg 333,650,467,750,0
/Users/Sabrine/Desktop/darknet/darknet/img/gen_0452.jpg 1,123,177,346,0
/Users/Sabrine/Desktop/darknet/darknet/img/gen_0451.jpg 26,108,74,230,0
/Users/Sabrine/Desktop/darknet/darknet/img/gen_0450.jpg 4,251,121,458,0
/Users/Sabrine/Desktop/darknet/darknet/img/gen_0449.jpg 134,144,252,261,0
/Users/Sabrine/Desktop/darknet/darknet/img/gen_0448.jpg 138,571,241,672,0
/Users/Sabrine/Desktop/darknet/darknet/img/gen_0447.jpg 424,574,549,692,0
/Users/Sabrine/Desktop/darknet/darknet/img/gen_0446.jpg 597,302,712,408,0
/Users/Sabrine/Desktop/darknet/darknet/img/gen_0445.jpg 24,17,53,85,0
/Users/Sabrine/Desktop/darknet/darknet/img/gen_0444.jpg 549,254,727,415,0
/Users/Sabrine/Desktop/darknet/darknet/img/gen_0443.jpg 278,344,445,567,0
/Users/Sabrine/Desktop/darknet/darknet/img/gen_0442.jpg 214,518,383,586,0
/Users/Sabrine/Desktop/darknet/darknet/img/gen_0441.jpg 131,431,241,677,0
/Users/Sabrine/Desktop/darknet/darknet/img/gen_0440.jpg 599,84,704,184,0
/Users/Sabrine/Desktop/darknet/darknet/img/gen_0439.jpg 339,578,465,747,0
/Users/Sabrine/Desktop/darknet/darknet/img/gen_0438.jpg 19,24,250,127,0
/Users/Sabrine/Desktop/darknet/darknet/img/gen_0437.jpg 36,35,197,241,0
/Users/Sabrine/Desktop/darknet/darknet/img/gen_0436.jpg 363,422,539,619,0
/Users/Sabrine/Desktop/darknet/darknet/img/gen_0435.jpg 189,407,382,625,0
/Users/Sabrine/Desktop/darknet/darknet/img/gen_0434.jpg 560,277,653,430,0
/Users/Sabrine/Desktop/darknet/darknet/img/gen_0433.jpg 489,431,710,636,0
/Users/Sabrine/Desktop/darknet/darknet/img/gen_0432.jpg 206,307,303,442,0
/Users/Sabrine/Desktop/darknet/darknet/img/gen_0431.jpg 470,463,571,567,0
/Users/Sabrine/Desktop/darknet/darknet/img/gen_0430.jpg 384,593,479,749,0
/Users/Sabrine/Desktop/darknet/darknet/img/gen_0429.jpg 350,561,521,745,0
/Users/Sabrine/Desktop/darknet/darknet/img/gen_0428.jpg 449,48,622,224,0
/Users/Sabrine/Desktop/darknet/darknet/img/gen_0427.jpg 624,59,791,177,0
/Users/Sabrine/Desktop/darknet/darknet/img/gen_0426.jpg 687,689,739,780,0
/Users/Sabrine/Desktop/darknet/darknet/img/gen_0425.jpg 371,521,514,600,0
/Users/Sabrine/Desktop/darknet/darknet/img/gen_0424.jpg 242,309,355,411,0
/Users/Sabrine/Desktop/darknet/darknet/img/gen_0423.jpg 169,124,232,264,0
/Users/Sabrine/Desktop/darknet/darknet/img/gen_0422.jpg 483,599,563,690,0
/Users/Sabrine/Desktop/darknet/darknet/img/gen_0421.jpg 163,416,410,635,0
/Users/Sabrine/Desktop/darknet/darknet/img/gen_0420.jpg 154,20,248,146,0
/Users/Sabrine/Desktop/darknet/darknet/img/gen_0419.jpg 304,576,382,660,0
/Users/Sabrine/Desktop/darknet/darknet/img/gen_0418.jpg 639,321,680,413,0
/Users/Sabrine/Desktop/darknet/darknet/img/gen_0417.jpg 479,369,666,608,0
/Users/Sabrine/Desktop/darknet/darknet/img/gen_0416.jpg 361,562,540,740,0
/Users/Sabrine/Desktop/darknet/darknet/img/gen_0415.jpg 519,174,696,360,0
/Users/Sabrine/Desktop/darknet/darknet/img/gen_0414.jpg 98,123,243,298,0
/Users/Sabrine/Desktop/darknet/darknet/img/gen_0413.jpg 630,355,739,494,0
/Users/Sabrine/Desktop/darknet/darknet/img/gen_0412.jpg 308,211,422,255,0
/Users/Sabrine/Desktop/darknet/darknet/img/gen_0411.jpg 309,17,448,149,0
/Users/Sabrine/Desktop/darknet/darknet/img/gen_0410.jpg 318,559,420,708,0
/Users/Sabrine/Desktop/darknet/darknet/img/gen_0409.jpg 104,682,204,760,0
/Users/Sabrine/Desktop/darknet/darknet/img/gen_0408.jpg 597,213,740,414,0
/Users/Sabrine/Desktop/darknet/darknet/img/gen_0407.jpg 663,570,769,645,0
/Users/Sabrine/Desktop/darknet/darknet/img/gen_0406.jpg 552,393,638,427,0
/Users/Sabrine/Desktop/darknet/darknet/img/gen_0405.jpg 222,487,388,553,0
/Users/Sabrine/Desktop/darknet/darknet/img/gen_0404.jpg 279,40,409,158,0
/Users/Sabrine/Desktop/darknet/darknet/img/gen_0403.jpg 512,221,590,252,0
/Users/Sabrine/Desktop/darknet/darknet/img/gen_0402.jpg 159,246,385,411,0
/Users/Sabrine/Desktop/darknet/darknet/img/gen_0401.jpg 316,438,564,655,0
/Users/Sabrine/Desktop/darknet/darknet/img/gen_0400.jpg 283,423,436,537,0
/Users/Sabrine/Desktop/darknet/darknet/img/gen_0399.jpg 663,672,749,752,0
/Users/Sabrine/Desktop/darknet/darknet/img/gen_0398.jpg 597,398,709,514,0
/Users/Sabrine/Desktop/darknet/darknet/img/gen_0397.jpg 71,2,282,151,0
/Users/Sabrine/Desktop/darknet/darknet/img/gen_0396.jpg 427,19,541,172,0
/Users/Sabrine/Desktop/darknet/darknet/img/gen_0395.jpg 335,402,462,578,0
/Users/Sabrine/Desktop/darknet/darknet/img/gen_0394.jpg 478,414,673,575,0
/Users/Sabrine/Desktop/darknet/darknet/img/gen_0393.jpg 670,192,784,290,0
/Users/Sabrine/Desktop/darknet/darknet/img/gen_0392.jpg 150,453,329,678,0
/Users/Sabrine/Desktop/darknet/darknet/img/gen_0391.jpg 574,327,736,500,0
/Users/Sabrine/Desktop/darknet/darknet/img/gen_0390.jpg 291,55,380,175,0
/Users/Sabrine/Desktop/darknet/darknet/img/gen_0389.jpg 152,436,392,675,0
/Users/Sabrine/Desktop/darknet/darknet/img/gen_0388.jpg 85,445,248,581,0
/Users/Sabrine/Desktop/darknet/darknet/img/gen_0387.jpg 144,265,376,490,0
/Users/Sabrine/Desktop/darknet/darknet/img/gen_0386.jpg 364,377,423,467,0
/Users/Sabrine/Desktop/darknet/darknet/img/gen_0385.jpg 175,491,376,633,0
/Users/Sabrine/Desktop/darknet/darknet/img/gen_0384.jpg 238,653,374,777,0
/Users/Sabrine/Desktop/darknet/darknet/img/gen_0383.jpg 247,506,327,608,0
/Users/Sabrine/Desktop/darknet/darknet/img/gen_0382.jpg 27,588,104,772,0
/Users/Sabrine/Desktop/darknet/darknet/img/gen_0381.jpg 497,116,664,339,0
/Users/Sabrine/Desktop/darknet/darknet/img/gen_0380.jpg 206,132,292,218,0
/Users/Sabrine/Desktop/darknet/darknet/img/gen_0379.jpg 412,508,551,635,0
/Users/Sabrine/Desktop/darknet/darknet/img/gen_0378.jpg 115,216,321,443,0
/Users/Sabrine/Desktop/darknet/darknet/img/gen_0377.jpg 54,139,245,345,0
/Users/Sabrine/Desktop/darknet/darknet/img/gen_0376.jpg 567,172,627,270,0
/Users/Sabrine/Desktop/darknet/darknet/img/gen_0375.jpg 301,593,433,717,0
/Users/Sabrine/Desktop/darknet/darknet/img/gen_0374.jpg 442,494,568,620,0
/Users/Sabrine/Desktop/darknet/darknet/img/gen_0373.jpg 135,350,227,444,0
/Users/Sabrine/Desktop/darknet/darknet/img/gen_0372.jpg 350,212,504,398,0
/Users/Sabrine/Desktop/darknet/darknet/img/gen_0371.jpg 56,430,131,505,0
/Users/Sabrine/Desktop/darknet/darknet/img/gen_0370.jpg 288,170,437,341,0
/Users/Sabrine/Desktop/darknet/darknet/img/gen_0369.jpg 346,444,575,671,0
/Users/Sabrine/Desktop/darknet/darknet/img/gen_0368.jpg 83,79,153,118,0
/Users/Sabrine/Desktop/darknet/darknet/img/gen_0367.jpg 117,338,300,495,0
/Users/Sabrine/Desktop/darknet/darknet/img/gen_0366.jpg 455,10,530,76,0
/Users/Sabrine/Desktop/darknet/darknet/img/gen_0365.jpg 572,478,733,621,0
/Users/Sabrine/Desktop/darknet/darknet/img/gen_0364.jpg 315,604,372,716,0
/Users/Sabrine/Desktop/darknet/darknet/img/gen_0363.jpg 65,228,116,339,0
/Users/Sabrine/Desktop/darknet/darknet/img/gen_0362.jpg 563,210,696,261,0
/Users/Sabrine/Desktop/darknet/darknet/img/gen_0361.jpg 149,172,319,240,0
/Users/Sabrine/Desktop/darknet/darknet/img/gen_0360.jpg 552,293,678,338,0
/Users/Sabrine/Desktop/darknet/darknet/img/gen_0359.jpg 255,687,310,765,0
/Users/Sabrine/Desktop/darknet/darknet/img/gen_0358.jpg 203,550,398,745,0
/Users/Sabrine/Desktop/darknet/darknet/img/gen_0357.jpg 702,241,777,324,0
/Users/Sabrine/Desktop/darknet/darknet/img/gen_0356.jpg 97,503,204,546,0
/Users/Sabrine/Desktop/darknet/darknet/img/gen_0355.jpg 3,348,72,436,0
/Users/Sabrine/Desktop/darknet/darknet/img/gen_0354.jpg 494,316,538,462,0
/Users/Sabrine/Desktop/darknet/darknet/img/gen_0353.jpg 115,178,280,248,0
/Users/Sabrine/Desktop/darknet/darknet/img/gen_0352.jpg 58,57,288,268,0
/Users/Sabrine/Desktop/darknet/darknet/img/gen_0351.jpg 340,528,452,647,0
/Users/Sabrine/Desktop/darknet/darknet/img/gen_0350.jpg 423,506,515,624,0
/Users/Sabrine/Desktop/darknet/darknet/img/gen_0349.jpg 323,51,428,261,0
/Users/Sabrine/Desktop/darknet/darknet/img/gen_0348.jpg 543,293,719,459,0
/Users/Sabrine/Desktop/darknet/darknet/img/gen_0347.jpg 212,8,460,172,0
/Users/Sabrine/Desktop/darknet/darknet/img/gen_0346.jpg 382,282,530,434,0
/Users/Sabrine/Desktop/darknet/darknet/img/gen_0345.jpg 441,448,525,537,0
/Users/Sabrine/Desktop/darknet/darknet/img/gen_0344.jpg 676,503,704,575,0
/Users/Sabrine/Desktop/darknet/darknet/img/gen_0343.jpg 16,44,136,181,0
/Users/Sabrine/Desktop/darknet/darknet/img/gen_0342.jpg 157,587,262,732,0
/Users/Sabrine/Desktop/darknet/darknet/img/gen_0341.jpg 135,114,310,306,0
/Users/Sabrine/Desktop/darknet/darknet/img/gen_0340.jpg 261,291,335,486,0
/Users/Sabrine/Desktop/darknet/darknet/img/gen_0339.jpg 157,354,319,558,0
/Users/Sabrine/Desktop/darknet/darknet/img/gen_0338.jpg 12,213,208,433,0
/Users/Sabrine/Desktop/darknet/darknet/img/gen_0337.jpg 148,377,276,509,0
/Users/Sabrine/Desktop/darknet/darknet/img/gen_0336.jpg 426,591,532,706,0
/Users/Sabrine/Desktop/darknet/darknet/img/gen_0335.jpg 483,150,660,213,0
/Users/Sabrine/Desktop/darknet/darknet/img/gen_0334.jpg 77,603,227,739,0
/Users/Sabrine/Desktop/darknet/darknet/img/gen_0333.jpg 104,372,148,489,0
/Users/Sabrine/Desktop/darknet/darknet/img/gen_0332.jpg 116,257,311,335,0
/Users/Sabrine/Desktop/darknet/darknet/img/gen_0331.jpg 108,516,273,747,0
/Users/Sabrine/Desktop/darknet/darknet/img/gen_0330.jpg 341,72,477,221,0
/Users/Sabrine/Desktop/darknet/darknet/img/gen_0329.jpg 324,279,513,450,0
/Users/Sabrine/Desktop/darknet/darknet/img/gen_0328.jpg 357,293,467,333,0
/Users/Sabrine/Desktop/darknet/darknet/img/gen_0327.jpg 590,369,738,528,0
/Users/Sabrine/Desktop/darknet/darknet/img/gen_0326.jpg 225,292,393,450,0
/Users/Sabrine/Desktop/darknet/darknet/img/gen_0325.jpg 323,509,531,629,0
/Users/Sabrine/Desktop/darknet/darknet/img/gen_0324.jpg 518,288,711,517,0
/Users/Sabrine/Desktop/darknet/darknet/img/gen_0323.jpg 611,496,756,658,0
/Users/Sabrine/Desktop/darknet/darknet/img/gen_0322.jpg 8,419,207,645,0
/Users/Sabrine/Desktop/darknet/darknet/img/gen_0321.jpg 335,189,416,263,0
/Users/Sabrine/Desktop/darknet/darknet/img/gen_0320.jpg 101,226,348,368,0
/Users/Sabrine/Desktop/darknet/darknet/img/gen_0319.jpg 288,479,518,705,0
/Users/Sabrine/Desktop/darknet/darknet/img/gen_0318.jpg 62,162,219,260,0
/Users/Sabrine/Desktop/darknet/darknet/img/gen_0317.jpg 150,27,335,231,0
/Users/Sabrine/Desktop/darknet/darknet/img/gen_0316.jpg 294,487,358,668,0
/Users/Sabrine/Desktop/darknet/darknet/img/gen_0315.jpg 207,31,290,86,0
/Users/Sabrine/Desktop/darknet/darknet/img/gen_0314.jpg 30,646,133,746,0
/Users/Sabrine/Desktop/darknet/darknet/img/gen_0313.jpg 586,247,736,387,0
/Users/Sabrine/Desktop/darknet/darknet/img/gen_0312.jpg 246,220,374,345,0
/Users/Sabrine/Desktop/darknet/darknet/img/gen_0311.jpg 428,177,565,301,0
/Users/Sabrine/Desktop/darknet/darknet/img/gen_0310.jpg 377,1,459,91,0
/Users/Sabrine/Desktop/darknet/darknet/img/gen_0309.jpg 145,20,273,208,0
/Users/Sabrine/Desktop/darknet/darknet/img/gen_0308.jpg 655,605,762,696,0
/Users/Sabrine/Desktop/darknet/darknet/img/gen_0307.jpg 32,96,247,238,0
/Users/Sabrine/Desktop/darknet/darknet/img/gen_0306.jpg 559,188,772,418,0
/Users/Sabrine/Desktop/darknet/darknet/img/gen_0305.jpg 622,200,743,331,0
/Users/Sabrine/Desktop/darknet/darknet/img/gen_0304.jpg 470,35,571,272,0
/Users/Sabrine/Desktop/darknet/darknet/img/gen_0303.jpg 16,349,262,581,0
/Users/Sabrine/Desktop/darknet/darknet/img/gen_0302.jpg 28,314,64,400,0
/Users/Sabrine/Desktop/darknet/darknet/img/gen_0301.jpg 305,234,424,389,0
/Users/Sabrine/Desktop/darknet/darknet/img/gen_0300.jpg 491,371,643,524,0
/Users/Sabrine/Desktop/darknet/darknet/img/gen_0299.jpg 272,207,464,449,0
/Users/Sabrine/Desktop/darknet/darknet/img/gen_0298.jpg 43,384,197,537,0
/Users/Sabrine/Desktop/darknet/darknet/img/gen_0297.jpg 470,73,624,249,0
/Users/Sabrine/Desktop/darknet/darknet/img/gen_0296.jpg 558,303,740,431,0
/Users/Sabrine/Desktop/darknet/darknet/img/gen_0295.jpg 54,8,292,247,0
/Users/Sabrine/Desktop/darknet/darknet/img/gen_0294.jpg 158,123,320,366,0
/Users/Sabrine/Desktop/darknet/darknet/img/gen_0293.jpg 450,573,614,748,0
/Users/Sabrine/Desktop/darknet/darknet/img/gen_0292.jpg 519,495,733,721,0
/Users/Sabrine/Desktop/darknet/darknet/img/gen_0291.jpg 85,129,122,233,0
/Users/Sabrine/Desktop/darknet/darknet/img/gen_0290.jpg 465,290,650,522,0
/Users/Sabrine/Desktop/darknet/darknet/img/gen_0289.jpg 525,35,721,94,0
/Users/Sabrine/Desktop/darknet/darknet/img/gen_0288.jpg 306,584,509,791,0
/Users/Sabrine/Desktop/darknet/darknet/img/gen_0287.jpg 140,609,219,687,0
/Users/Sabrine/Desktop/darknet/darknet/img/gen_0286.jpg 198,237,415,407,0
/Users/Sabrine/Desktop/darknet/darknet/img/gen_0285.jpg 484,118,715,361,0
/Users/Sabrine/Desktop/darknet/darknet/img/gen_0284.jpg 15,450,228,663,0
/Users/Sabrine/Desktop/darknet/darknet/img/gen_0283.jpg 368,533,463,660,0
/Users/Sabrine/Desktop/darknet/darknet/img/gen_0282.jpg 393,580,611,789,0
/Users/Sabrine/Desktop/darknet/darknet/img/gen_0281.jpg 393,51,500,165,0
/Users/Sabrine/Desktop/darknet/darknet/img/gen_0280.jpg 433,660,560,792,0
/Users/Sabrine/Desktop/darknet/darknet/img/gen_0279.jpg 628,460,708,562,0
/Users/Sabrine/Desktop/darknet/darknet/img/gen_0278.jpg 24,99,116,207,0
/Users/Sabrine/Desktop/darknet/darknet/img/gen_0277.jpg 173,363,295,517,0
/Users/Sabrine/Desktop/darknet/darknet/img/gen_0276.jpg 118,54,346,302,0
/Users/Sabrine/Desktop/darknet/darknet/img/gen_0275.jpg 589,299,693,414,0
/Users/Sabrine/Desktop/darknet/darknet/img/gen_0274.jpg 99,348,293,550,0
/Users/Sabrine/Desktop/darknet/darknet/img/gen_0273.jpg 367,516,411,638,0
/Users/Sabrine/Desktop/darknet/darknet/img/gen_0272.jpg 294,69,539,204,0
/Users/Sabrine/Desktop/darknet/darknet/img/gen_0271.jpg 242,499,353,657,0
/Users/Sabrine/Desktop/darknet/darknet/img/gen_0270.jpg 223,403,282,566,0
/Users/Sabrine/Desktop/darknet/darknet/img/gen_0269.jpg 244,381,385,518,0
/Users/Sabrine/Desktop/darknet/darknet/img/gen_0268.jpg 470,175,590,320,0
/Users/Sabrine/Desktop/darknet/darknet/img/gen_0267.jpg 54,323,146,379,0
/Users/Sabrine/Desktop/darknet/darknet/img/gen_0266.jpg 551,262,649,352,0
/Users/Sabrine/Desktop/darknet/darknet/img/gen_0265.jpg 695,126,765,192,0
/Users/Sabrine/Desktop/darknet/darknet/img/gen_0264.jpg 313,322,471,437,0
/Users/Sabrine/Desktop/darknet/darknet/img/gen_0263.jpg 324,579,445,685,0
/Users/Sabrine/Desktop/darknet/darknet/img/gen_0262.jpg 614,594,795,738,0
/Users/Sabrine/Desktop/darknet/darknet/img/gen_0261.jpg 59,413,167,533,0
/Users/Sabrine/Desktop/darknet/darknet/img/gen_0260.jpg 236,594,296,662,0
/Users/Sabrine/Desktop/darknet/darknet/img/gen_0259.jpg 248,5,476,210,0
/Users/Sabrine/Desktop/darknet/darknet/img/gen_0258.jpg 238,184,413,329,0
/Users/Sabrine/Desktop/darknet/darknet/img/gen_0257.jpg 650,23,727,106,0
/Users/Sabrine/Desktop/darknet/darknet/img/gen_0256.jpg 485,239,534,335,0
/Users/Sabrine/Desktop/darknet/darknet/img/gen_0255.jpg 221,81,332,179,0
/Users/Sabrine/Desktop/darknet/darknet/img/gen_0254.jpg 421,627,488,694,0
/Users/Sabrine/Desktop/darknet/darknet/img/gen_0253.jpg 511,412,608,483,0
/Users/Sabrine/Desktop/darknet/darknet/img/gen_0252.jpg 49,85,183,301,0
/Users/Sabrine/Desktop/darknet/darknet/img/gen_0251.jpg 139,492,363,714,0
/Users/Sabrine/Desktop/darknet/darknet/img/gen_0250.jpg 146,47,251,156,0
/Users/Sabrine/Desktop/darknet/darknet/img/gen_0249.jpg 539,178,763,385,0
/Users/Sabrine/Desktop/darknet/darknet/img/gen_0248.jpg 96,404,176,488,0
/Users/Sabrine/Desktop/darknet/darknet/img/gen_0247.jpg 454,235,528,298,0
/Users/Sabrine/Desktop/darknet/darknet/img/gen_0246.jpg 25,542,120,644,0
/Users/Sabrine/Desktop/darknet/darknet/img/gen_0245.jpg 136,276,376,514,0
/Users/Sabrine/Desktop/darknet/darknet/img/gen_0244.jpg 618,591,732,640,0
/Users/Sabrine/Desktop/darknet/darknet/img/gen_0243.jpg 502,238,628,465,0
/Users/Sabrine/Desktop/darknet/darknet/img/gen_0242.jpg 60,106,247,180,0
/Users/Sabrine/Desktop/darknet/darknet/img/gen_0241.jpg 65,579,254,757,0
/Users/Sabrine/Desktop/darknet/darknet/img/gen_0240.jpg 490,187,619,261,0
/Users/Sabrine/Desktop/darknet/darknet/img/gen_0239.jpg 515,57,692,279,0
/Users/Sabrine/Desktop/darknet/darknet/img/gen_0238.jpg 222,124,464,367,0
/Users/Sabrine/Desktop/darknet/darknet/img/gen_0237.jpg 228,311,311,476,0
/Users/Sabrine/Desktop/darknet/darknet/img/gen_0236.jpg 581,11,659,84,0
/Users/Sabrine/Desktop/darknet/darknet/img/gen_0235.jpg 379,560,588,763,0
/Users/Sabrine/Desktop/darknet/darknet/img/gen_0234.jpg 664,323,726,378,0
/Users/Sabrine/Desktop/darknet/darknet/img/gen_0233.jpg 361,385,591,548,0
/Users/Sabrine/Desktop/darknet/darknet/img/gen_0232.jpg 249,368,466,578,0
/Users/Sabrine/Desktop/darknet/darknet/img/gen_0231.jpg 106,417,285,542,0
/Users/Sabrine/Desktop/darknet/darknet/img/gen_0230.jpg 414,207,583,411,0
/Users/Sabrine/Desktop/darknet/darknet/img/gen_0229.jpg 106,400,264,532,0
/Users/Sabrine/Desktop/darknet/darknet/img/gen_0228.jpg 166,538,390,765,0
/Users/Sabrine/Desktop/darknet/darknet/img/gen_0227.jpg 388,613,508,668,0
/Users/Sabrine/Desktop/darknet/darknet/img/gen_0226.jpg 547,49,651,296,0
/Users/Sabrine/Desktop/darknet/darknet/img/gen_0225.jpg 547,173,767,392,0
/Users/Sabrine/Desktop/darknet/darknet/img/gen_0224.jpg 87,53,211,228,0
/Users/Sabrine/Desktop/darknet/darknet/img/gen_0223.jpg 134,359,382,523,0
/Users/Sabrine/Desktop/darknet/darknet/img/gen_0222.jpg 617,550,722,642,0
/Users/Sabrine/Desktop/darknet/darknet/img/gen_0221.jpg 324,36,386,62,0
/Users/Sabrine/Desktop/darknet/darknet/img/gen_0220.jpg 197,73,402,264,0
/Users/Sabrine/Desktop/darknet/darknet/img/gen_0219.jpg 134,333,205,487,0
/Users/Sabrine/Desktop/darknet/darknet/img/gen_0218.jpg 313,69,410,118,0
/Users/Sabrine/Desktop/darknet/darknet/img/gen_0217.jpg 116,168,365,345,0
/Users/Sabrine/Desktop/darknet/darknet/img/gen_0216.jpg 506,320,581,393,0
/Users/Sabrine/Desktop/darknet/darknet/img/gen_0215.jpg 210,4,324,132,0
/Users/Sabrine/Desktop/darknet/darknet/img/gen_0214.jpg 407,445,552,630,0
/Users/Sabrine/Desktop/darknet/darknet/img/gen_0213.jpg 187,147,255,231,0
/Users/Sabrine/Desktop/darknet/darknet/img/gen_0212.jpg 373,584,483,632,0
/Users/Sabrine/Desktop/darknet/darknet/img/gen_0211.jpg 290,411,330,511,0
/Users/Sabrine/Desktop/darknet/darknet/img/gen_0210.jpg 438,22,597,189,0
/Users/Sabrine/Desktop/darknet/darknet/img/gen_0209.jpg 391,92,476,294,0
/Users/Sabrine/Desktop/darknet/darknet/img/gen_0208.jpg 93,23,162,127,0
/Users/Sabrine/Desktop/darknet/darknet/img/gen_0207.jpg 548,218,668,388,0
/Users/Sabrine/Desktop/darknet/darknet/img/gen_0206.jpg 310,342,430,475,0
/Users/Sabrine/Desktop/darknet/darknet/img/gen_0205.jpg 294,404,432,546,0
/Users/Sabrine/Desktop/darknet/darknet/img/gen_0204.jpg 156,607,323,737,0
/Users/Sabrine/Desktop/darknet/darknet/img/gen_0203.jpg 180,53,253,125,0
/Users/Sabrine/Desktop/darknet/darknet/img/gen_0202.jpg 582,365,694,450,0
/Users/Sabrine/Desktop/darknet/darknet/img/gen_0201.jpg 355,122,455,260,0
/Users/Sabrine/Desktop/darknet/darknet/img/gen_0200.jpg 35,90,202,247,0
/Users/Sabrine/Desktop/darknet/darknet/img/gen_0199.jpg 207,33,392,107,0
/Users/Sabrine/Desktop/darknet/darknet/img/gen_0198.jpg 90,199,298,425,0
/Users/Sabrine/Desktop/darknet/darknet/img/gen_0197.jpg 302,424,487,628,0
/Users/Sabrine/Desktop/darknet/darknet/img/gen_0196.jpg 560,45,737,267,0
/Users/Sabrine/Desktop/darknet/darknet/img/gen_0195.jpg 310,311,402,462,0
/Users/Sabrine/Desktop/darknet/darknet/img/gen_0194.jpg 385,317,447,437,0
/Users/Sabrine/Desktop/darknet/darknet/img/gen_0193.jpg 506,360,741,527,0
/Users/Sabrine/Desktop/darknet/darknet/img/gen_0192.jpg 164,518,233,562,0
/Users/Sabrine/Desktop/darknet/darknet/img/gen_0191.jpg 264,53,479,285,0
/Users/Sabrine/Desktop/darknet/darknet/img/gen_0190.jpg 235,55,291,131,0
/Users/Sabrine/Desktop/darknet/darknet/img/gen_0189.jpg 56,215,112,400,0
/Users/Sabrine/Desktop/darknet/darknet/img/gen_0188.jpg 353,317,421,381,0
/Users/Sabrine/Desktop/darknet/darknet/img/gen_0187.jpg 292,431,438,512,0
/Users/Sabrine/Desktop/darknet/darknet/img/gen_0186.jpg 270,364,487,560,0
/Users/Sabrine/Desktop/darknet/darknet/img/gen_0185.jpg 400,16,543,215,0
/Users/Sabrine/Desktop/darknet/darknet/img/gen_0184.jpg 77,265,218,424,0
/Users/Sabrine/Desktop/darknet/darknet/img/gen_0183.jpg 618,693,712,785,0
/Users/Sabrine/Desktop/darknet/darknet/img/gen_0182.jpg 290,247,360,316,0
/Users/Sabrine/Desktop/darknet/darknet/img/gen_0181.jpg 470,397,559,483,0
/Users/Sabrine/Desktop/darknet/darknet/img/gen_0180.jpg 519,213,704,391,0
/Users/Sabrine/Desktop/darknet/darknet/img/gen_0179.jpg 561,99,760,258,0
/Users/Sabrine/Desktop/darknet/darknet/img/gen_0178.jpg 478,470,618,597,0
/Users/Sabrine/Desktop/darknet/darknet/img/gen_0177.jpg 352,372,430,441,0
/Users/Sabrine/Desktop/darknet/darknet/img/gen_0176.jpg 496,206,615,330,0
/Users/Sabrine/Desktop/darknet/darknet/img/gen_0175.jpg 353,335,598,506,0
/Users/Sabrine/Desktop/darknet/darknet/img/gen_0174.jpg 381,507,608,714,0
/Users/Sabrine/Desktop/darknet/darknet/img/gen_0173.jpg 212,452,330,585,0
/Users/Sabrine/Desktop/darknet/darknet/img/gen_0172.jpg 192,525,376,724,0
/Users/Sabrine/Desktop/darknet/darknet/img/gen_0171.jpg 453,314,666,406,0
/Users/Sabrine/Desktop/darknet/darknet/img/gen_0170.jpg 121,319,307,424,0
/Users/Sabrine/Desktop/darknet/darknet/img/gen_0169.jpg 359,289,594,509,0
/Users/Sabrine/Desktop/darknet/darknet/img/gen_0168.jpg 526,79,604,176,0
/Users/Sabrine/Desktop/darknet/darknet/img/gen_0167.jpg 42,316,162,486,0
/Users/Sabrine/Desktop/darknet/darknet/img/gen_0166.jpg 187,46,401,247,0
/Users/Sabrine/Desktop/darknet/darknet/img/gen_0165.jpg 627,393,696,464,0
/Users/Sabrine/Desktop/darknet/darknet/img/gen_0164.jpg 137,358,313,531,0
/Users/Sabrine/Desktop/darknet/darknet/img/gen_0163.jpg 298,490,359,514,0
/Users/Sabrine/Desktop/darknet/darknet/img/gen_0162.jpg 495,6,544,123,0
/Users/Sabrine/Desktop/darknet/darknet/img/gen_0161.jpg 246,649,286,763,0
/Users/Sabrine/Desktop/darknet/darknet/img/gen_0160.jpg 447,189,620,277,0
/Users/Sabrine/Desktop/darknet/darknet/img/gen_0159.jpg 103,105,159,167,0
/Users/Sabrine/Desktop/darknet/darknet/img/gen_0158.jpg 111,292,270,436,0
/Users/Sabrine/Desktop/darknet/darknet/img/gen_0157.jpg 355,433,467,587,0
/Users/Sabrine/Desktop/darknet/darknet/img/gen_0156.jpg 76,36,272,241,0
/Users/Sabrine/Desktop/darknet/darknet/img/gen_0155.jpg 6,475,209,623,0
/Users/Sabrine/Desktop/darknet/darknet/img/gen_0154.jpg 589,281,704,466,0
/Users/Sabrine/Desktop/darknet/darknet/img/gen_0153.jpg 272,228,440,325,0
/Users/Sabrine/Desktop/darknet/darknet/img/gen_0152.jpg 510,97,556,161,0
/Users/Sabrine/Desktop/darknet/darknet/img/gen_0151.jpg 212,492,376,623,0
/Users/Sabrine/Desktop/darknet/darknet/img/gen_0150.jpg 222,348,353,457,0
/Users/Sabrine/Desktop/darknet/darknet/img/gen_0149.jpg 153,521,282,631,0
/Users/Sabrine/Desktop/darknet/darknet/img/gen_0148.jpg 46,240,242,481,0
/Users/Sabrine/Desktop/darknet/darknet/img/gen_0147.jpg 353,81,446,171,0
/Users/Sabrine/Desktop/darknet/darknet/img/gen_0146.jpg 451,48,512,156,0
/Users/Sabrine/Desktop/darknet/darknet/img/gen_0145.jpg 221,46,306,215,0
/Users/Sabrine/Desktop/darknet/darknet/img/gen_0144.jpg 202,361,421,574,0
/Users/Sabrine/Desktop/darknet/darknet/img/gen_0143.jpg 674,274,768,336,0
/Users/Sabrine/Desktop/darknet/darknet/img/gen_0142.jpg 471,94,568,133,0
/Users/Sabrine/Desktop/darknet/darknet/img/gen_0141.jpg 455,344,583,445,0
/Users/Sabrine/Desktop/darknet/darknet/img/gen_0140.jpg 113,39,219,100,0
/Users/Sabrine/Desktop/darknet/darknet/img/gen_0139.jpg 154,410,217,433,0
/Users/Sabrine/Desktop/darknet/darknet/img/gen_0138.jpg 465,429,619,583,0
/Users/Sabrine/Desktop/darknet/darknet/img/gen_0137.jpg 292,245,487,426,0
/Users/Sabrine/Desktop/darknet/darknet/img/gen_0136.jpg 63,660,201,778,0
/Users/Sabrine/Desktop/darknet/darknet/img/gen_0135.jpg 130,219,276,353,0
/Users/Sabrine/Desktop/darknet/darknet/img/gen_0134.jpg 502,37,684,208,0
/Users/Sabrine/Desktop/darknet/darknet/img/gen_0133.jpg 475,529,557,603,0
/Users/Sabrine/Desktop/darknet/darknet/img/gen_0132.jpg 327,153,401,233,0
/Users/Sabrine/Desktop/darknet/darknet/img/gen_0131.jpg 359,479,557,703,0
/Users/Sabrine/Desktop/darknet/darknet/img/gen_0130.jpg 570,569,616,670,0
/Users/Sabrine/Desktop/darknet/darknet/img/gen_0129.jpg 474,127,535,301,0
/Users/Sabrine/Desktop/darknet/darknet/img/gen_0128.jpg 363,155,561,367,0
/Users/Sabrine/Desktop/darknet/darknet/img/gen_0127.jpg 167,102,325,252,0
/Users/Sabrine/Desktop/darknet/darknet/img/gen_0126.jpg 323,458,455,572,0
/Users/Sabrine/Desktop/darknet/darknet/img/gen_0125.jpg 525,161,720,322,0
/Users/Sabrine/Desktop/darknet/darknet/img/gen_0124.jpg 448,527,590,570,0
/Users/Sabrine/Desktop/darknet/darknet/img/gen_0123.jpg 48,318,225,512,0
/Users/Sabrine/Desktop/darknet/darknet/img/gen_0122.jpg 132,686,199,715,0
/Users/Sabrine/Desktop/darknet/darknet/img/gen_0121.jpg 579,467,742,619,0
/Users/Sabrine/Desktop/darknet/darknet/img/gen_0120.jpg 536,355,728,423,0
/Users/Sabrine/Desktop/darknet/darknet/img/gen_0119.jpg 411,601,510,756,0
/Users/Sabrine/Desktop/darknet/darknet/img/gen_0118.jpg 55,229,175,338,0
/Users/Sabrine/Desktop/darknet/darknet/img/gen_0117.jpg 329,463,547,656,0
/Users/Sabrine/Desktop/darknet/darknet/img/gen_0116.jpg 247,53,428,217,0
/Users/Sabrine/Desktop/darknet/darknet/img/gen_0115.jpg 415,442,483,600,0
/Users/Sabrine/Desktop/darknet/darknet/img/gen_0114.jpg 596,341,747,491,0
/Users/Sabrine/Desktop/darknet/darknet/img/gen_0113.jpg 147,483,225,573,0
/Users/Sabrine/Desktop/darknet/darknet/img/gen_0112.jpg 130,571,340,726,0
/Users/Sabrine/Desktop/darknet/darknet/img/gen_0111.jpg 681,334,760,390,0
/Users/Sabrine/Desktop/darknet/darknet/img/gen_0110.jpg 235,273,403,422,0
/Users/Sabrine/Desktop/darknet/darknet/img/gen_0109.jpg 472,674,550,761,0
/Users/Sabrine/Desktop/darknet/darknet/img/gen_0108.jpg 120,250,360,453,0
/Users/Sabrine/Desktop/darknet/darknet/img/gen_0107.jpg 309,506,512,703,0
/Users/Sabrine/Desktop/darknet/darknet/img/gen_0106.jpg 452,16,661,164,0
/Users/Sabrine/Desktop/darknet/darknet/img/gen_0105.jpg 51,48,242,238,0
/Users/Sabrine/Desktop/darknet/darknet/img/gen_0104.jpg 51,630,132,722,0
/Users/Sabrine/Desktop/darknet/darknet/img/gen_0103.jpg 660,501,751,568,0
/Users/Sabrine/Desktop/darknet/darknet/img/gen_0102.jpg 342,163,437,236,0
/Users/Sabrine/Desktop/darknet/darknet/img/gen_0101.jpg 166,285,274,437,0
/Users/Sabrine/Desktop/darknet/darknet/img/gen_0100.jpg 237,439,395,579,0
/Users/Sabrine/Desktop/darknet/darknet/img/gen_0099.jpg 133,535,340,655,0
/Users/Sabrine/Desktop/darknet/darknet/img/gen_0098.jpg 328,136,392,279,0
/Users/Sabrine/Desktop/darknet/darknet/img/gen_0097.jpg 6,245,132,372,0
/Users/Sabrine/Desktop/darknet/darknet/img/gen_0096.jpg 132,655,206,731,0
/Users/Sabrine/Desktop/darknet/darknet/img/gen_0095.jpg 35,461,258,672,0
/Users/Sabrine/Desktop/darknet/darknet/img/gen_0094.jpg 399,532,647,726,0
/Users/Sabrine/Desktop/darknet/darknet/img/gen_0093.jpg 35,592,195,776,0
/Users/Sabrine/Desktop/darknet/darknet/img/gen_0092.jpg 245,326,308,348,0
/Users/Sabrine/Desktop/darknet/darknet/img/gen_0091.jpg 133,303,299,421,0
/Users/Sabrine/Desktop/darknet/darknet/img/gen_0090.jpg 105,184,234,323,0
/Users/Sabrine/Desktop/darknet/darknet/img/gen_0089.jpg 479,396,680,618,0
/Users/Sabrine/Desktop/darknet/darknet/img/gen_0088.jpg 339,204,513,435,0
/Users/Sabrine/Desktop/darknet/darknet/img/gen_0087.jpg 439,114,560,205,0
/Users/Sabrine/Desktop/darknet/darknet/img/gen_0086.jpg 235,232,386,401,0
/Users/Sabrine/Desktop/darknet/darknet/img/gen_0085.jpg 40,307,204,472,0
/Users/Sabrine/Desktop/darknet/darknet/img/gen_0084.jpg 605,108,715,280,0
/Users/Sabrine/Desktop/darknet/darknet/img/gen_0083.jpg 550,17,720,205,0
/Users/Sabrine/Desktop/darknet/darknet/img/gen_0082.jpg 146,676,234,779,0
/Users/Sabrine/Desktop/darknet/darknet/img/gen_0081.jpg 654,576,715,626,0
/Users/Sabrine/Desktop/darknet/darknet/img/gen_0080.jpg 513,255,733,448,0
/Users/Sabrine/Desktop/darknet/darknet/img/gen_0079.jpg 213,232,271,425,0
/Users/Sabrine/Desktop/darknet/darknet/img/gen_0078.jpg 9,568,135,686,0
/Users/Sabrine/Desktop/darknet/darknet/img/gen_0077.jpg 137,335,297,502,0
/Users/Sabrine/Desktop/darknet/darknet/img/gen_0076.jpg 547,60,595,195,0
/Users/Sabrine/Desktop/darknet/darknet/img/gen_0075.jpg 128,542,222,656,0
/Users/Sabrine/Desktop/darknet/darknet/img/gen_0074.jpg 108,4,180,53,0
/Users/Sabrine/Desktop/darknet/darknet/img/gen_0073.jpg 687,557,769,649,0
/Users/Sabrine/Desktop/darknet/darknet/img/gen_0072.jpg 351,681,444,779,0
/Users/Sabrine/Desktop/darknet/darknet/img/gen_0071.jpg 15,535,201,667,0
/Users/Sabrine/Desktop/darknet/darknet/img/gen_0070.jpg 143,467,243,538,0
/Users/Sabrine/Desktop/darknet/darknet/img/gen_0069.jpg 659,601,739,662,0
/Users/Sabrine/Desktop/darknet/darknet/img/gen_0068.jpg 551,554,765,766,0
/Users/Sabrine/Desktop/darknet/darknet/img/gen_0067.jpg 24,556,254,708,0
/Users/Sabrine/Desktop/darknet/darknet/img/gen_0066.jpg 517,151,704,207,0
/Users/Sabrine/Desktop/darknet/darknet/img/gen_0065.jpg 563,201,605,306,0
/Users/Sabrine/Desktop/darknet/darknet/img/gen_0064.jpg 201,458,403,648,0
/Users/Sabrine/Desktop/darknet/darknet/img/gen_0063.jpg 48,464,169,706,0
/Users/Sabrine/Desktop/darknet/darknet/img/gen_0062.jpg 609,118,714,263,0
/Users/Sabrine/Desktop/darknet/darknet/img/gen_0061.jpg 411,182,557,292,0
/Users/Sabrine/Desktop/darknet/darknet/img/gen_0060.jpg 402,552,519,669,0
/Users/Sabrine/Desktop/darknet/darknet/img/gen_0059.jpg 534,265,708,510,0
/Users/Sabrine/Desktop/darknet/darknet/img/gen_0058.jpg 530,537,630,702,0
/Users/Sabrine/Desktop/darknet/darknet/img/gen_0057.jpg 86,561,260,784,0
/Users/Sabrine/Desktop/darknet/darknet/img/gen_0056.jpg 166,253,257,381,0
/Users/Sabrine/Desktop/darknet/darknet/img/gen_0055.jpg 592,497,712,572,0
/Users/Sabrine/Desktop/darknet/darknet/img/gen_0054.jpg 17,328,102,565,0
/Users/Sabrine/Desktop/darknet/darknet/img/gen_0053.jpg 365,230,573,445,0
/Users/Sabrine/Desktop/darknet/darknet/img/gen_0052.jpg 2,391,153,467,0
/Users/Sabrine/Desktop/darknet/darknet/img/gen_0051.jpg 142,456,223,685,0
/Users/Sabrine/Desktop/darknet/darknet/img/gen_0050.jpg 443,40,532,287,0
/Users/Sabrine/Desktop/darknet/darknet/img/gen_0049.jpg 306,627,424,748,0
/Users/Sabrine/Desktop/darknet/darknet/img/gen_0048.jpg 514,302,698,460,0
/Users/Sabrine/Desktop/darknet/darknet/img/gen_0047.jpg 24,334,191,495,0
/Users/Sabrine/Desktop/darknet/darknet/img/gen_0046.jpg 171,78,390,328,0
/Users/Sabrine/Desktop/darknet/darknet/img/gen_0045.jpg 433,569,659,769,0
/Users/Sabrine/Desktop/darknet/darknet/img/gen_0044.jpg 326,177,559,411,0
/Users/Sabrine/Desktop/darknet/darknet/img/gen_0043.jpg 308,234,374,306,0
/Users/Sabrine/Desktop/darknet/darknet/img/gen_0042.jpg 364,99,611,250,0
/Users/Sabrine/Desktop/darknet/darknet/img/gen_0041.jpg 147,235,186,312,0
/Users/Sabrine/Desktop/darknet/darknet/img/gen_0040.jpg 108,94,158,157,0
/Users/Sabrine/Desktop/darknet/darknet/img/gen_0039.jpg 2,509,82,631,0
/Users/Sabrine/Desktop/darknet/darknet/img/gen_0038.jpg 582,490,677,580,0
/Users/Sabrine/Desktop/darknet/darknet/img/gen_0037.jpg 93,538,230,671,0
/Users/Sabrine/Desktop/darknet/darknet/img/gen_0036.jpg 438,206,667,322,0
/Users/Sabrine/Desktop/darknet/darknet/img/gen_0035.jpg 268,618,375,710,0
/Users/Sabrine/Desktop/darknet/darknet/img/gen_0034.jpg 695,259,784,358,0
/Users/Sabrine/Desktop/darknet/darknet/img/gen_0033.jpg 38,438,170,543,0
/Users/Sabrine/Desktop/darknet/darknet/img/gen_0032.jpg 305,25,487,237,0
/Users/Sabrine/Desktop/darknet/darknet/img/gen_0031.jpg 230,513,435,698,0
/Users/Sabrine/Desktop/darknet/darknet/img/gen_0030.jpg 252,522,341,722,0
/Users/Sabrine/Desktop/darknet/darknet/img/gen_0029.jpg 468,191,667,437,0
/Users/Sabrine/Desktop/darknet/darknet/img/gen_0028.jpg 308,125,410,221,0
/Users/Sabrine/Desktop/darknet/darknet/img/gen_0027.jpg 217,255,263,336,0
/Users/Sabrine/Desktop/darknet/darknet/img/gen_0026.jpg 234,240,308,315,0
/Users/Sabrine/Desktop/darknet/darknet/img/gen_0025.jpg 573,126,756,318,0
/Users/Sabrine/Desktop/darknet/darknet/img/gen_0024.jpg 51,160,189,306,0
/Users/Sabrine/Desktop/darknet/darknet/img/gen_0023.jpg 476,222,593,269,0
/Users/Sabrine/Desktop/darknet/darknet/img/gen_0022.jpg 639,187,747,294,0
/Users/Sabrine/Desktop/darknet/darknet/img/gen_0021.jpg 192,589,394,778,0
/Users/Sabrine/Desktop/darknet/darknet/img/gen_0020.jpg 579,362,781,562,0
/Users/Sabrine/Desktop/darknet/darknet/img/gen_0019.jpg 229,498,469,724,0
/Users/Sabrine/Desktop/darknet/darknet/img/gen_0018.jpg 57,245,209,418,0
/Users/Sabrine/Desktop/darknet/darknet/img/gen_0017.jpg 613,487,791,648,0
/Users/Sabrine/Desktop/darknet/darknet/img/gen_0016.jpg 268,87,475,303,0
/Users/Sabrine/Desktop/darknet/darknet/img/gen_0015.jpg 580,346,745,500,0
/Users/Sabrine/Desktop/darknet/darknet/img/gen_0014.jpg 686,349,755,377,0
/Users/Sabrine/Desktop/darknet/darknet/img/gen_0013.jpg 448,355,603,473,0
/Users/Sabrine/Desktop/darknet/darknet/img/gen_0012.jpg 62,431,166,496,0
/Users/Sabrine/Desktop/darknet/darknet/img/gen_0011.jpg 524,111,731,303,0
/Users/Sabrine/Desktop/darknet/darknet/img/gen_0010.jpg 502,151,632,269,0
/Users/Sabrine/Desktop/darknet/darknet/img/gen_0009.jpg 580,72,687,176,0
/Users/Sabrine/Desktop/darknet/darknet/img/gen_0008.jpg 240,657,336,691,0
/Users/Sabrine/Desktop/darknet/darknet/img/gen_0007.jpg 418,44,667,234,0
/Users/Sabrine/Desktop/darknet/darknet/img/gen_0006.jpg 85,127,303,371,0
/Users/Sabrine/Desktop/darknet/darknet/img/gen_0005.jpg 500,531,691,709,0
/Users/Sabrine/Desktop/darknet/darknet/img/gen_0004.jpg 254,495,383,623,0
/Users/Sabrine/Desktop/darknet/darknet/img/gen_0003.jpg 456,411,620,591,0
/Users/Sabrine/Desktop/darknet/darknet/img/gen_0002.jpg 352,266,392,360,0
/Users/Sabrine/Desktop/darknet/darknet/img/gen_0001.jpg 573,126,772,236,0
